mu,seed,burn_in_initial_predictor,burn_in_train_rows,burn_in_eval_rows,burn_in_initial_heldout_mse,burn_in_initial_heldout_rmse,burn_in_after_heldout_mse,burn_in_after_heldout_rmse,burn_in_after_population_mse,burn_in_after_population_rmse,burn_in_relative_rmse_improvement,Rhat_T,Rplus_T,Rtraj_T,Delta_rep_T,Delta_sam_T,V_T,Eval_within_step_drift_T,Mean_abs_delta_y_T,Mean_abs_delta_pred_T,Mean_abs_delta_error_T,Mean_abs_delta_loss_T,Rhat_T_excl_first3,Rplus_T_excl_first3,Rtraj_T_excl_first3,Delta_rep_T_excl_first3,Delta_sam_T_excl_first3,V_T_excl_first3,Eval_within_step_drift_T_excl_first3,Mean_abs_delta_y_T_excl_first3,Mean_abs_delta_pred_T_excl_first3,Mean_abs_delta_error_T_excl_first3,Mean_abs_delta_loss_T_excl_first3,mean_current_rmse,mean_next_rmse,A_T_null,A_T_coarse,A_T_task_no_qty,A_T_task_no_cost,A_T_task_no_group,A_T_task,A_rate_null,A_rate_coarse,A_rate_task_no_qty,A_rate_task_no_cost,A_rate_task_no_group,A_rate_task,A_rate_null_baseline,A_rate_null_excess,A_rate_coarse_baseline,A_rate_coarse_excess,A_rate_task_no_qty_baseline,A_rate_task_no_qty_excess,A_rate_task_no_cost_baseline,A_rate_task_no_cost_excess,A_rate_task_no_group_baseline,A_rate_task_no_group_excess,A_rate_task_baseline,A_rate_task_excess
0.0,0,train_mean_baseline,6392,1599,2744154.7014271775,1656.5490338131187,315490.42253039224,561.6853412101764,313890.7598645813,560.2595468750009,0.6609304465215473,335614.21935832844,331871.5993676979,330118.7153927195,3742.619990630541,5495.50396560895,1752.8839749782867,2131.37072061372,29.823749783589392,25.06958712581157,31.30167317577608,26298.99555141296,340740.4345891513,334503.93715942785,332775.1807557234,6236.497429723444,7965.253833427909,1728.7564037044576,1962.626889740921,29.83154654670062,25.05044955060105,31.305127930423577,26444.995535652743,579.0155109350759,580.8416231645311,0.0,0.1206805437336965,0.33468940024395666,0.6660426195971816,0.7319413403607604,0.9812959661448112,0.0,0.006351607564931395,0.017615231591787194,0.035054874715641136,0.038523228440040025,0.0516471561128848,0.0,0.0,0.006351607564931395,0.0,0.017615231591787194,0.0,0.035054874715641136,0.0,0.038523228440040025,0.0,0.0516471561128848,0.0
0.0,1,train_mean_baseline,6392,1599,2752395.081821116,1659.0343823505034,296216.5899807804,544.2578341014306,313817.86304489267,560.1944868033714,0.6719430049844225,328978.2759395921,327731.7878135777,326286.9453568854,1246.4881260144175,2691.3305827067234,1444.8424566923059,1603.2158915767857,29.719276348244026,24.93542609818866,31.20949041799714,26040.721187803265,331824.57525045914,329864.6234741089,328402.9677710826,1959.951776350208,3421.607479376544,1461.6557030262848,1716.393955851414,29.7006488456233,24.90902589019902,31.203757271277865,26123.483655563396,573.4055659612771,574.8007165325903,0.0,0.1034860235005513,0.3076328851460773,0.6483968176013805,0.7037233337561152,0.9433188729626089,0.0,0.00544663281581849,0.016191204481372488,0.0341261482948095,0.03703807019769027,0.04964836173487415,0.0,0.0,0.00544663281581849,0.0,0.016191204481372488,0.0,0.0341261482948095,0.0,0.03703807019769027,0.0,0.04964836173487415,0.0
0.0,2,train_mean_baseline,6392,1599,2749001.9456978673,1658.0114431745842,291083.520720738,539.5215665019684,313697.0141578238,560.0866130857117,0.6745971997220056,323587.18325925915,329170.39748406195,327644.6302377164,5583.214224802796,4057.446978457272,1525.7672463455574,1606.1911958705352,29.740137104866868,25.040452000899897,31.33162381165631,26295.799275917332,327150.4980305424,331503.44518696715,329964.3581157547,4352.947156424751,2813.8600852122763,1539.0870712123979,1595.5202702779534,29.773602337438113,25.024464882801446,31.359679666941926,26454.54976471998,568.6249523197891,569.874287487674,0.0,0.09885431419899504,0.29684732044712925,0.6573902458900912,0.6928863590212425,0.9243389860490236,0.0,0.005202858642052371,0.015623543181427856,0.034599486625794276,0.036467703106381186,0.04864942031836966,0.0,0.0,0.005202858642052371,0.0,0.015623543181427856,0.0,0.034599486625794276,0.0,0.036467703106381186,0.0,0.04864942031836966,0.0
0.0,3,train_mean_baseline,6392,1599,2845798.099337729,1686.9493469982224,331140.863545921,575.4484021577616,313826.3212131977,560.20203606663,0.6588822283361849,328273.8370225369,328817.2768254344,327345.60714027996,543.439802897512,928.2298822569428,1471.6696851545069,1490.020168947543,29.74535181330101,25.08871122841243,31.323259532048294,26305.547066607018,329311.2099167013,331140.4818169541,329639.36569633806,1829.2719002527883,328.15577963675605,1501.1161206159777,1709.1606930665803,29.744527019303597,25.088793815078965,31.318600821264575,26432.66990790126,572.714506489704,573.9165185303534,0.0,0.09009583206522216,0.325117552215068,0.6197902013912152,0.7494517059073855,0.9550867508752812,0.0,0.004741885898169588,0.017111450116582525,0.03262053691532712,0.0394448266267045,0.050267723730277956,0.0,0.0,0.004741885898169588,0.0,0.017111450116582525,0.0,0.03262053691532712,0.0,0.0394448266267045,0.0,0.050267723730277956,0.0
0.0,4,train_mean_baseline,6392,1599,2790812.0690518315,1670.5723776753377,322121.9780172656,567.5579071929715,313827.3205183835,560.202927980909,0.6602614081391978,327175.28013855184,326675.96911054256,325386.3692635635,499.31102800928056,1788.9108749883599,1289.5998469790547,1355.5552272539874,29.79488871621039,25.003471068517282,31.311414531272828,26150.977088481875,328063.6480017031,328646.145578529,327346.7740598782,582.4975768259028,716.8739418248879,1299.3715186507834,1301.8713397211686,29.799121627842005,24.987184928195994,31.316407633099878,26274.426102212237,571.8911555834094,572.909841036629,0.0,0.10170655301424195,0.31526995163316834,0.6637578647126499,0.7041352284538225,0.9198417797961086,0.0,0.005352976474433786,0.016593155349114125,0.03493462445856052,0.03705974886599066,0.04841272525242677,0.0,0.0,0.005352976474433786,0.0,0.016593155349114125,0.0,0.03493462445856052,0.0,0.03705974886599066,0.0,0.04841272525242677,0.0
0.0,5,train_mean_baseline,6392,1599,2921843.669241173,1709.3401268446175,315293.5416472969,561.5100548051628,313831.4973999408,560.2066559761146,0.6715047836373614,320288.92084577656,327315.41473001783,325900.29624322103,7026.493884241267,5611.37539744447,1415.1184867968152,1643.5466061611291,29.72127220332131,25.11814521524682,31.288823474365262,26191.86935461452,322282.08295932773,329463.6243542708,327980.8860985639,7181.54139494308,5698.803139236174,1482.7382557069068,1725.1356503742027,29.719617684825913,25.09782326315473,31.28156664036334,26309.716116609325,565.7621069955069,567.1722450820525,0.0,0.10231153205830908,0.3640389800733896,0.6787452573149542,0.7341733678231241,0.9659234286508205,0.0,0.005384817476753109,0.019159946319652083,0.035723434595523906,0.03864070356963811,0.050838075192148446,0.0,0.0,0.005384817476753109,0.0,0.019159946319652083,0.0,0.035723434595523906,0.0,0.03864070356963811,0.0,0.050838075192148446,0.0
0.0,6,train_mean_baseline,6392,1599,2823258.6815831754,1680.255540560178,312953.69555488747,559.4226448356264,313801.8779907104,560.1802192069177,0.6670609729701463,332373.2134355708,329157.0803584215,327692.29180871154,3216.1330771493376,4680.921626859286,1464.7885497099487,1374.3987437942324,29.84822033195763,25.06578826145075,31.34056413999255,26326.75511825166,336996.6133976476,331461.6239131896,330023.40910665557,5534.989484457998,6973.2042909920565,1438.2148065340734,1250.1684430829118,29.84302984532045,25.008839787420165,31.322526413341414,26422.2119726756,576.3284775859698,577.4433149136933,0.0,0.121084172658754,0.34201213742347736,0.6814998904839853,0.714517928403679,0.9713564314096956,0.0,0.006372851192566,0.018000638811761966,0.03586841528863081,0.037606206758088366,0.05112402270577345,0.0,0.0,0.006372851192566,0.0,0.018000638811761966,0.0,0.03586841528863081,0.0,0.037606206758088366,0.0,0.05112402270577345,0.0
0.0,7,train_mean_baseline,6392,1599,2790768.306281738,1670.5592794874829,326187.7872934664,571.1285208194968,313829.3292902042,560.204720874614,0.6581213681954972,327661.2568087992,329193.6662249866,327713.03892061004,1532.40941618738,51.78211181081133,1480.6273043765777,1409.9488695359905,29.732191197027866,24.957804083913256,31.233015857190427,26197.917873435184,328745.36376470537,331347.36256288766,329955.6991429979,2601.9987981822924,1210.3353782925406,1391.66341988977,1419.8064155681204,29.714136090868415,24.937252114139646,31.197944089781036,26291.08691358511,572.2841912756165,573.4673694414814,0.0,0.09203246005720712,0.29045391615844013,0.6330406561022882,0.6867471469647393,0.9370554533612586,0.0,0.004843813687221428,0.01528704821886527,0.033317929268541484,0.0361445866823547,0.04931870807164519,0.0,0.0,0.004843813687221428,0.0,0.01528704821886527,0.0,0.033317929268541484,0.0,0.0361445866823547,0.0,0.04931870807164519,0.0
0.0,8,train_mean_baseline,6392,1599,2857371.8426984544,1690.376242940741,328108.085403215,572.807197408705,313807.51842545695,560.18525366655,0.6611362708149551,328210.9828725432,329703.9927979291,328176.02852475306,1493.009925385879,34.95434779016068,1527.964273176006,2022.5170844387826,29.774787776346933,24.95575809594878,31.28415011888432,26173.324154050693,329108.54801664414,332072.95107755635,330566.3739861808,2964.403060912213,1457.8259695366723,1506.5770913754932,2065.7321961923153,29.78736045489296,24.981187812575264,31.24568211398872,26254.399371053863,572.7626159228023,574.4967153490076,0.0,0.10809755591426015,0.3565869959164215,0.6702903942282271,0.7329067137654206,0.9447686068327718,0.0,0.005689345048118955,0.01876773662718008,0.035278441801485635,0.038574037566601084,0.049724663517514305,0.0,0.0,0.005689345048118955,0.0,0.01876773662718008,0.0,0.035278441801485635,0.0,0.038574037566601084,0.0,0.049724663517514305,0.0
0.0,9,train_mean_baseline,6392,1599,2751657.966544152,1658.8122155759982,319057.64064629044,564.8518749604098,313759.36532737775,560.142272398163,0.6594841359036693,331427.2684198562,329482.4487850643,327998.1737340712,1944.8196347919293,3429.0946857850067,1484.2750509930192,1478.8547701983694,29.85665505070065,25.04626486274968,31.364156539065615,26325.19086523642,332629.25109098264,331889.5908446415,330441.2107272282,739.66024634114,2188.040363754437,1448.380117413315,1430.1815397887367,29.832316878805244,25.037655802568324,31.321891084546248,26418.22582553789,575.5376185622641,576.7721008804998,0.0,0.10344078365800023,0.3127475326434468,0.6550174710177729,0.7342501494088078,0.9831797422741508,0.0,0.005444251771473696,0.01646039645491825,0.03447460373777752,0.03864474470572673,0.051746302224955305,0.0,0.0,0.005444251771473696,0.0,0.01646039645491825,0.0,0.03447460373777752,0.0,0.03864474470572673,0.0,0.051746302224955305,0.0
0.05,0,train_mean_baseline,6392,1599,2744154.7014271775,1656.5490338131187,315490.42253039224,561.6853412101764,313890.7598645813,560.2595468750009,0.6609304465215473,348223.178559116,345256.2788705556,342697.31618779607,2966.899688560399,5525.862371319905,2858.863287309966,3639.0971736128436,68.06674742832688,55.05349418914637,33.98928133940086,31764.19217974872,355181.73857121373,349283.3083944254,347160.2933812563,5898.430176788359,8021.445189957449,2479.1469810728267,3219.293906414903,64.86119967872115,54.01448110269902,32.909147268545055,31398.419896160645,589.6630126074668,592.3482800781663,0.0,0.8005443999273959,1.075915431875896,1.2756155589975737,1.5004484640573137,1.787600914056093,0.0,0.04213391578565242,0.0566271279934682,0.0671376609998723,0.0789709717924902,0.09408425863453121,0.0,0.0,0.006351607564931395,0.035782308220721024,0.017615231591787194,0.03901189640168101,0.035054874715641136,0.03208278628423116,0.038523228440040025,0.040447743352450174,0.0516471561128848,0.04243710252164641
0.05,1,train_mean_baseline,6392,1599,2752395.081821116,1659.0343823505034,296216.5899807804,544.2578341014306,313817.86304489267,560.1944868033714,0.6719430049844225,341418.09695504623,340552.45263352507,338343.5463555348,865.644321521162,3074.5505995114218,2448.456508765971,3096.0832815154236,68.04803516148525,54.97587699494445,33.654139168411035,31402.316624258976,346073.8837668849,343963.0008988512,342168.66989676113,2110.8828680337174,3905.2138701237855,2078.796901136382,2964.863203824061,64.83130105655064,53.88416910340702,32.56678494214058,31022.60762924799,584.1030319791976,586.1324967926754,0.0,0.803663632120035,1.0777806607574887,1.2805251921011398,1.5784435686926106,1.8716295753998151,0.0,0.04229808590105447,0.056725297934604665,0.06739606274216525,0.08307597729961108,0.098506819757885,0.0,0.0,0.00544663281581849,0.036851453085235984,0.016191204481372488,0.04053409345323218,0.0341261482948095,0.033269914447355754,0.03703807019769027,0.04603790710192081,0.04964836173487415,0.04885845802301085
0.05,2,train_mean_baseline,6392,1599,2749001.9456978673,1658.0114431745842,291083.520720738,539.5215665019684,313697.0141578238,560.0866130857117,0.6745971997220056,334872.6168165721,342561.16657160054,340245.1038546093,7688.549755028449,5372.487038037216,2677.6470771940994,2876.728123109913,68.12513498874829,55.091240098980066,33.97334719054411,31850.214408400014,339974.2968355774,346301.85809428827,344378.3190349547,6327.561258710863,4404.022199377301,2352.9204870744943,2656.994614484116,64.97068216150025,53.98774285429047,32.965195230530725,31566.715884711633,578.4190035908553,580.3613061735567,0.0,0.8283737432217858,1.0913961097705356,1.308768080516263,1.5623000319737814,1.8263284359643397,0.0,0.04359861806430452,0.05744190051423872,0.06888253055348752,0.08222631747230429,0.09612254926128104,0.0,0.0,0.005202858642052371,0.03839575942225215,0.015623543181427856,0.04181835733281086,0.034599486625794276,0.03428304392769324,0.036467703106381186,0.0457586143659231,0.04864942031836966,0.04747312894291138
0.05,3,train_mean_baseline,6392,1599,2845798.099337729,1686.9493469982224,331140.863545921,575.4484021577616,313826.3212131977,560.20203606663,0.6588822283361849,340046.83227415214,341867.09146211244,339690.64106529346,1820.2591879602987,356.19120885868324,2705.9992788476948,3057.8287555370785,68.17389356938364,55.08988133642783,33.82177833569848,31635.067403177192,342719.84064843884,345505.26630092715,343751.2258814569,2785.4256524883094,1031.3852330180816,2382.8797168793644,2895.8599024818177,65.0861462331218,54.04558947942773,32.77509177978987,31356.456324232662,582.9089862942805,584.581356243507,0.0,0.8279986691560771,1.107678128901152,1.2819390258278878,1.526029478321561,1.8020793385732208,0.0,0.04357887732400406,0.058298848889534315,0.06747047504357304,0.08031734096429269,0.09484628097753793,0.0,0.0,0.004741885898169588,0.03883699142583447,0.017111450116582525,0.041187398772951786,0.03262053691532712,0.03484993812824592,0.0394448266267045,0.040872514337588185,0.050267723730277956,0.044578557247259974
0.05,4,train_mean_baseline,6392,1599,2790812.0690518315,1670.5723776753377,322121.9780172656,567.5579071929715,313827.3205183835,560.202927980909,0.6602614081391978,338822.56433537026,339877.08363498555,337782.41679728095,1054.519299615291,1040.1475380893098,2458.048639223032,3125.307253734426,68.02394530651897,54.89066137419784,33.918504973217004,31583.743143099022,341368.2563407299,343176.100205565,341526.39517660835,1807.8438648351002,158.13883587846067,2081.220918259838,2576.236810025948,64.86713243136263,53.863545343408035,32.81906149740697,31183.676834834572,581.9522672852543,583.5998831924763,0.0,0.8245766817640258,1.1381337241908787,1.299078981423429,1.5930991526859164,1.8981154784671272,0.0,0.043398772724422406,0.059901774957414666,0.06837257796965415,0.08384732382557454,0.09990081465616459,0.0,0.0,0.005352976474433786,0.03804579624998862,0.016593155349114125,0.04330861960830054,0.03493462445856052,0.03343795351109363,0.03705974886599066,0.04678757495958388,0.04841272525242677,0.051488089403737815
0.05,5,train_mean_baseline,6392,1599,2921843.669241173,1709.3401268446175,315293.5416472969,561.5100548051628,313831.4973999408,560.2066559761146,0.6715047836373614,332852.0622361499,341026.296087873,338838.36262993765,8174.233851723082,5986.3003937877365,2584.958528472432,2691.3369465977,68.01134811481768,55.09739766946595,33.87681395798867,31606.308580492845,336630.5436646468,344622.9856310815,342798.00352188,7992.441966434708,6167.459857233218,2296.449380464175,2386.6201288341254,64.87313412861893,54.118588999604114,32.78897168395066,31248.901498847503,576.646011985431,578.4374251901835,0.0,0.8263608479216503,1.106336900240492,1.30035479038786,1.6018932670488135,1.8842643997462274,0.0,0.043492676206402646,0.05822825790739431,0.06843972580988737,0.08431017194993755,0.09917181051295934,0.0,0.0,0.005384817476753109,0.03810785872964954,0.019159946319652083,0.039068311587742224,0.035723434595523906,0.032716291214363466,0.03864070356963811,0.045669468380299436,0.050838075192148446,0.048333735320810894
0.05,6,train_mean_baseline,6392,1599,2823258.6815831754,1680.255540560178,312953.69555488747,559.4226448356264,313801.8779907104,560.1802192069177,0.6670609729701463,345899.56938441296,342054.8636994239,339900.46468914737,3844.7056849890505,5999.104695265589,2572.896467095676,2618.607912114123,68.04732968907815,55.03572192676097,33.8016284580256,31776.17069038693,352581.5461828726,345686.5195420238,343965.4133509255,6895.026640848839,8616.132831947121,2218.0719210709867,2365.4104480114656,64.9282489560949,53.92052933749413,32.76195888017682,31425.244049962428,587.8705157521287,589.3458474740085,0.0,0.808588456079922,1.1417979789491486,1.2903784181091724,1.5950593032352833,1.9336991258218603,0.0,0.04255728716210116,0.06009463047100782,0.06791465358469329,0.08395048964396228,0.10177363820115054,0.0,0.0,0.006372851192566,0.03618443596953516,0.018000638811761966,0.04209399165924585,0.03586841528863081,0.03204623829606248,0.037606206758088366,0.04634428288587391,0.05112402270577345,0.05064961549537709
0.05,7,train_mean_baseline,6392,1599,2790768.306281738,1670.5592794874829,326187.7872934664,571.1285208194968,313829.3292902042,560.204720874614,0.6581213681954972,339607.8643095028,342905.8551774494,340652.342072957,3297.990867946588,1044.477763454197,2655.3604972140165,2892.8106190165913,68.04144279576775,55.021794075986215,33.83970522127867,31712.85487226167,342409.0891714948,346538.3478039433,344773.0645501944,4129.258632448502,2363.9753786996007,2242.4770326058606,2745.759318642875,64.90836298296922,53.9102708054237,32.80749094571103,31402.548724536067,582.5956976522386,584.1014377860062,0.0,0.820266565374754,1.0654983370201139,1.278539158458494,1.5958717206126503,1.8600766789993521,0.0,0.0431719244934081,0.05607885984316389,0.06729153465571021,0.08399324845329738,0.09789877257891327,0.0,0.0,0.004843813687221428,0.03832811080618667,0.01528704821886527,0.04079181162429862,0.033317929268541484,0.033973605387168725,0.0361445866823547,0.04784866177094268,0.04931870807164519,0.04858006450726808
0.05,8,train_mean_baseline,6392,1599,2857371.8426984544,1690.376242940741,328108.085403215,572.807197408705,313807.51842545695,560.18525366655,0.6611362708149551,340668.683299729,343179.8618716478,340844.99667202163,2511.1785719188047,176.31337229261408,2705.2512882126766,3365.9953582778016,67.9577613892393,54.96945004570764,33.78571944482738,31583.884067377487,343302.6775288569,346939.5508260036,345060.84869609424,3636.873297146696,1758.1711672373349,2318.5356101059187,3002.486804370299,64.79103650060966,53.96757214008929,32.66553134752254,31201.774192552195,583.4910261566855,586.0709714372852,0.0,0.8180972391307285,1.0751919484973864,1.2897330611197948,1.6195527717844305,1.9292350483185436,0.0,0.04305774942793308,0.056589049920915076,0.06788068742735762,0.08523961956760161,0.10153868675360755,0.0,0.0,0.005689345048118955,0.03736840437981412,0.01876773662718008,0.037821313293735,0.035278441801485635,0.03260224562587198,0.038574037566601084,0.04666558200100052,0.049724663517514305,0.05181402323609325
0.05,9,train_mean_baseline,6392,1599,2751657.966544152,1658.8122155759982,319057.64064629044,564.8518749604098,313759.36532737775,560.142272398163,0.6594841359036693,345352.3504950257,342744.3354325579,340494.9923935587,2608.015062467777,4857.358101466962,2653.260161343291,2739.3938351341794,68.08013447441505,55.032853294131584,33.9034581824451,31805.820357168363,348622.05401965027,346549.1293118626,344730.85344947473,2072.9247077876935,3891.2005701755406,2297.927445171459,2497.2064738204426,64.89244333893079,53.989953532814766,32.78618155466672,31436.890007763344,587.4562200544864,589.1421595785067,0.0,0.8244151804255887,1.094673393962731,1.2910526428200333,1.580672679669401,1.8601081354641182,0.0,0.04339027265397835,0.057614389155933206,0.06795013909579123,0.08319329892996848,0.09790042818232202,0.0,0.0,0.005444251771473696,0.03794602088250466,0.01646039645491825,0.041153992701014955,0.03447460373777752,0.03347553535801371,0.03864474470572673,0.04454855422424175,0.051746302224955305,0.04615412595736671
0.1,0,train_mean_baseline,6392,1599,2744154.7014271775,1656.5490338131187,315490.42253039224,561.6853412101764,313890.7598645813,560.2595468750009,0.6609304465215473,350953.76902652765,349894.79803372035,344911.8957915045,1058.970992807299,6041.873235023173,5361.649728467265,5893.395500755177,113.58493793397503,93.33710206428549,40.25276692494304,40672.810476456056,358130.1710033395,353644.496042087,349474.7224267564,4485.6749612525455,8655.44857658312,4619.5362552540355,5123.459500233788,105.01602484408784,89.74909435568321,37.30859701337562,39007.35920674397,591.8716273598437,596.6002090165742,0.0,1.0743170868968737,1.323336062439821,1.9080598496790955,2.073660617177664,2.3790272525747307,0.0,0.05654300457351966,0.06964926644420111,0.10042420261468923,0.10914003248303494,0.12521196066182794,0.0,0.0,0.006351607564931395,0.05019139700858827,0.017615231591787194,0.05203403485241391,0.035054874715641136,0.06536932789904809,0.038523228440040025,0.07061680404299492,0.0516471561128848,0.07356480454894314
0.1,1,train_mean_baseline,6392,1599,2752395.081821116,1659.0343823505034,296216.5899807804,544.2578341014306,313817.86304489267,560.1944868033714,0.6719430049844225,343937.7598316741,345001.84214224754,340387.5566586543,1064.0823105734307,3550.203173019807,5047.1302866260885,5669.897406135542,113.48214251413691,93.19366440148471,39.93902509088428,40283.872154755714,348784.8911150602,348071.7584807904,344275.36246513564,713.1326342697721,4509.528649924556,4310.399219256295,5212.802040124156,104.89217369072222,89.57453286114918,36.98295866927556,38605.91471158301,586.2001258407798,590.3529094794538,0.0,1.0866312244798213,1.413233362756018,1.9134290293750762,2.1154163041181153,2.4172464731619416,0.0,0.05719111707788533,0.07438070330294833,0.10070679101974085,0.11133770021674291,0.12722349858747062,0.0,0.0,0.00544663281581849,0.05174448426206684,0.016191204481372488,0.05818949882157584,0.0341261482948095,0.06658064272493136,0.03703807019769027,0.07429963001905264,0.04964836173487415,0.07757513685259647
0.1,2,train_mean_baseline,6392,1599,2749001.9456978673,1658.0114431745842,291083.520720738,539.5215665019684,313697.0141578238,560.0866130857117,0.6745971997220056,336814.9316375642,347216.4659303301,342442.63754999,10401.534292765893,5627.705912425765,5095.556705236625,4926.299053055212,113.6728876722246,93.3026263612395,40.0971432365194,40686.983271218545,341938.0608177455,350677.60833497636,346668.9412696682,8739.54751723085,4730.880451922712,4390.719451122659,4337.627355834164,105.15371774921118,89.66835417486139,37.19263551369802,39096.067699072184,580.0116682210229,583.9902433037463,0.0,1.076193804958775,1.4073280169794227,1.90393325038343,2.156132058862792,2.4351413028177973,0.0,0.05664177920835658,0.07406989563049593,0.10020701317807527,0.11348063467698905,0.1281653317272525,0.0,0.0,0.005202858642052371,0.05143892056630421,0.015623543181427856,0.058446352449068074,0.034599486625794276,0.065607526552281,0.036467703106381186,0.07701293157060786,0.04864942031836966,0.07951591140888284
0.1,3,train_mean_baseline,6392,1599,2845798.099337729,1686.9493469982224,331140.863545921,575.4484021577616,313826.3212131977,560.20203606663,0.6588822283361849,342648.25548585475,346602.7893383443,342082.6035196561,3954.5338524895487,565.6519661986385,5032.954296460513,4618.409608548161,113.64715181474128,93.35748479033644,39.93557035166117,40370.28876434373,345484.1452528323,349961.04871934355,346278.11672475224,4476.903466511227,793.971471919911,4291.844561945909,3767.815278859598,105.1925472619946,89.76074593245005,37.03723102502126,38815.62885995634,585.0563706108899,588.4633675309036,0.0,1.081903266536537,1.4012758650433514,1.8987508512157176,2.120261731156279,2.3827698014209826,0.0,0.05694227718613352,0.07375136131807113,0.09993425532714303,0.11159272269243573,0.1254089369168938,0.0,0.0,0.004741885898169588,0.05220039128796393,0.017111450116582525,0.056639911201488605,0.03262053691532712,0.06731371841181591,0.0394448266267045,0.07214789606573122,0.050267723730277956,0.07514121318661585
0.1,4,train_mean_baseline,6392,1599,2790812.0690518315,1670.5723776753377,322121.9780172656,567.5579071929715,313827.3205183835,560.202927980909,0.6602614081391978,340286.9669793641,344845.53853228793,340238.3240995058,4558.571552923822,48.642879858321976,4998.129282101845,4813.805969461505,113.60519296609623,93.15886810206881,39.99674866614059,40362.72789132849,342765.8674339641,347871.6138049268,344133.9440025912,5105.7463709627045,1368.0765686270897,4201.881185902839,3445.874745811623,105.10352786936743,89.63730631601925,36.98530805824748,38621.47829672189,583.1530105575006,586.7152006965988,0.0,1.085131307040099,1.4157587949660477,1.8828215796496275,2.0966512774752806,2.3849200931626644,0.0,0.05711217405474205,0.07451362078768672,0.09909587261313829,0.11035006723554108,0.125522110166456,0.0,0.0,0.005352976474433786,0.05175919758030827,0.016593155349114125,0.0579204654385726,0.03493462445856052,0.06416124815457777,0.03705974886599066,0.07329031836955043,0.04841272525242677,0.07710938491402924
0.1,5,train_mean_baseline,6392,1599,2921843.669241173,1709.3401268446175,315293.5416472969,561.5100548051628,313831.4973999408,560.2066559761146,0.6715047836373614,335875.82456390077,346387.2337306839,341803.02263418667,10511.409166783153,5927.1980702859,4995.991221457232,4437.2334339129,113.45394220168593,93.36625851179068,39.993044279775766,40467.38830760977,339899.4934266247,349811.18812081765,345995.5027561453,9911.694694192964,6096.009329520632,4304.674263062156,3620.163789327362,104.93772297733605,89.84582693372741,37.011538959908854,38804.14390682563,579.2685857162861,582.6405789055631,0.0,1.0891624707806586,1.4116113928860743,1.9064366091915101,2.1251427420558313,2.371854885737666,0.0,0.057324340567403084,0.07429533646768811,0.10033876890481633,0.1118496180029385,0.12483446767040346,0.0,0.0,0.005384817476753109,0.051939523090649975,0.019159946319652083,0.055135390148036034,0.035723434595523906,0.06461533430929242,0.03864070356963811,0.07320891443330038,0.050838075192148446,0.07399639247825501
0.1,6,train_mean_baseline,6392,1599,2823258.6815831754,1680.255540560178,312953.69555488747,559.4226448356264,313801.8779907104,560.1802192069177,0.6670609729701463,348339.72099929256,346730.11659356597,342165.60020481545,1609.6044057265972,6174.120794477116,4904.884135236691,4775.994889890343,113.543996114876,93.28799147792556,39.96418891806877,40689.083293901866,355215.4011087173,350104.1059416641,346335.4035393013,5111.295167053235,8879.99756941601,4172.889101315093,4260.190650219887,105.05002510825963,89.62651671825057,37.07713646412695,39076.48427018352,589.8759555495324,593.2853196613851,0.0,1.0723966005680257,1.3000996208414726,1.8878867612307662,2.110220430523444,2.346953530193192,0.0,0.05644192634568556,0.06842629583376171,0.09936246111740875,0.11106423318544442,0.123523870010168,0.0,0.0,0.006372851192566,0.05006907515311956,0.018000638811761966,0.05042565702199975,0.03586841528863081,0.06349404582877793,0.037606206758088366,0.07345802642735605,0.05112402270577345,0.07239984730439455
0.1,7,train_mean_baseline,6392,1599,2790768.306281738,1670.5592794874829,326187.7872934664,571.1285208194968,313829.3292902042,560.204720874614,0.6581213681954972,341335.9620677436,348113.57613715495,343388.6713478837,6777.6140694113565,2052.709280140116,5272.138934103156,4843.306242337668,113.55223860314506,93.21384503299748,39.98585956639915,40586.22990580676,344165.8615677855,351580.38155062497,347699.79273923393,7414.519982839469,3533.9311714484356,4530.42935837902,4304.877403254362,105.06674086465262,89.55548767332877,37.09019884675507,38983.45668556323,583.981203614428,587.4870597102308,0.0,1.0664924300894882,1.378609672886225,1.8783067276750864,2.1011877543630777,2.3748599890213193,0.0,0.0561311805310257,0.0725584038361171,0.09885824882500455,0.11058882917700409,0.12499263100112207,0.0,0.0,0.004843813687221428,0.05128736684380427,0.01528704821886527,0.05727135561725183,0.033317929268541484,0.06554031955646306,0.0361445866823547,0.0744442424946494,0.04931870807164519,0.07567392292947688
0.1,8,train_mean_baseline,6392,1599,2857371.8426984544,1690.376242940741,328108.085403215,572.807197408705,313807.51842545695,560.18525366655,0.6611362708149551,341384.98439429,347443.50192896026,342726.7472787013,6058.517534670245,1341.7628844112623,5184.711092798471,6111.740588536639,113.44098985566784,93.20408269744064,40.05293063045564,40503.681321528114,343823.6432689715,350811.769022807,346973.7027539823,6988.125753835542,3150.0594850108027,4393.764544340342,5343.247149329785,104.91636398049636,89.67044316392517,37.028653322536734,38799.53602199202,584.0842556177652,588.6368732882667,0.0,1.0907288847306822,1.3945694515328908,1.9145449263958838,2.1404403244196812,2.398389684425624,0.0,0.05740678340687801,0.07339839218594162,0.10076552244188862,0.11265475391682533,0.12623103602240127,0.0,0.0,0.005689345048118955,0.051717438358759055,0.01876773662718008,0.05463065555876154,0.035278441801485635,0.06548708064040298,0.038574037566601084,0.07408071635022426,0.049724663517514305,0.07650637250488695
0.1,9,train_mean_baseline,6392,1599,2751657.966544152,1658.8122155759982,319057.64064629044,564.8518749604098,313759.36532737775,560.142272398163,0.6594841359036693,348796.38144215,347287.86304594803,342708.7989667848,1508.518396201951,6087.582475365198,4931.058752719926,5028.647803918786,113.5827987978001,93.28414157897343,39.98634166711682,40630.27396545648,352419.3248111422,350804.24082060345,347044.5190550548,1615.0839905387838,5374.805756087415,4177.715440397289,4495.269614278612,105.02759641785872,89.69237920032151,36.98084489372884,38951.89963434672,590.3095736745692,593.7294978130084,0.0,1.0937114871770184,1.3894443186364078,1.9059297328320721,2.0973673786966303,2.3676542558206837,0.0,0.05756376248300097,0.07312864834928462,0.100312091201688,0.11038775677350686,0.12461338188529913,0.0,0.0,0.005444251771473696,0.052119510711527275,0.01646039645491825,0.05666825189436637,0.03447460373777752,0.0658374874639105,0.03864474470572673,0.07174301206778014,0.051746302224955305,0.07286707966034384
0.2,0,train_mean_baseline,6392,1599,2744154.7014271775,1656.5490338131187,315490.42253039224,561.6853412101764,313890.7598645813,560.2595468750009,0.6609304465215473,395303.76520230283,405422.14915481483,389357.73443294206,10118.383952511998,5946.030769360776,16064.414721872829,16871.688673442415,199.7516597152496,170.59478835395973,55.60474597221308,64025.922805363916,410010.07614465413,416913.4199833516,401409.1197030042,6903.343838697474,8600.956441649934,15504.300280347416,16454.13653457417,182.0768623749973,162.38610972683364,48.780020520766456,60111.57790507391,626.176803667824,639.1318049829271,0.0,1.352296750127162,1.7047649027006644,2.7540746531683644,2.9537124741300564,3.1960981727260136,0.0,0.07117351316458748,0.08972446856319287,0.14495129753517708,0.15545855127000296,0.16821569330136912,0.0,0.0,0.006351607564931395,0.06482190559965609,0.017615231591787194,0.07210923697140567,0.035054874715641136,0.10989642281953593,0.038523228440040025,0.11693532282996294,0.0516471561128848,0.11656853718848433
0.2,1,train_mean_baseline,6392,1599,2752395.081821116,1659.0343823505034,296216.5899807804,544.2578341014306,313817.86304489267,560.1944868033714,0.6719430049844225,388068.3259673927,399919.7693217478,384125.8564672753,11851.443354355113,3942.4695001174114,15967.180617073174,16695.010224346886,199.55793655274226,170.29009383653067,55.34770481413718,63353.51302439322,400401.11148991744,410600.89073433226,395356.2893430857,10199.779244414822,5044.822146831721,15450.35685933474,16614.706261512896,181.87268197640532,162.0773002715984,48.44351734366262,59325.892526055366,620.6812480633122,633.3760120659558,0.0,1.3177586349696495,1.625806866909172,2.7376373917243177,2.9126745197246446,3.166769411406406,0.0,0.06935571762998155,0.0855687824689038,0.1440861785118062,0.15329865893287603,0.1666720742845477,0.0,0.0,0.00544663281581849,0.06390908481416306,0.016191204481372488,0.06937757798753132,0.0341261482948095,0.10996003021699668,0.03703807019769027,0.11626058873518576,0.04964836173487415,0.11702371254967354
0.2,2,train_mean_baseline,6392,1599,2749001.9456978673,1658.0114431745842,291083.520720738,539.5215665019684,313697.0141578238,560.0866130857117,0.6745971997220056,380768.388079135,402729.4597784704,386868.70447055914,21961.071699335414,6100.3163914241595,15968.922632322463,16047.98608969024,199.67428957142778,170.45829057985048,55.449721099818994,63863.48015293864,393215.9122442152,413903.25285236165,398574.0119569712,20687.34060814645,5358.099712755997,15457.68959312862,15788.55310875738,181.97536596946628,162.2084778469754,48.650464375599206,59995.95672925042,614.8231775562401,627.2070060568085,0.0,1.3366071360201397,1.6930296376571865,2.728084253426809,2.935812926898408,3.189675679400247,0.0,0.07034774400105999,0.08910682303458876,0.14358338175930574,0.15451646983675832,0.1678776673368551,0.0,0.0,0.005202858642052371,0.06514488535900761,0.015623543181427856,0.07348327985316092,0.034599486625794276,0.10898389513351146,0.036467703106381186,0.11804876673037713,0.04864942031836966,0.11922824701848544
0.2,3,train_mean_baseline,6392,1599,2845798.099337729,1686.9493469982224,331140.863545921,575.4484021577616,313826.3212131977,560.20203606663,0.6588822283361849,386349.8415056184,401806.9813033079,386233.6098854448,15457.13979768951,116.23162017361028,15748.295139288117,15801.100201209565,199.7423493145957,170.55824406645235,55.242674499889425,63346.115729300946,396455.5389263943,412786.531733669,397867.28242328664,16330.992807274684,1411.7434968923335,15126.971229574505,14934.954252623236,182.1171220327618,162.36805509195102,48.4234600628344,59479.725740472524,619.8190539201952,631.6241584862676,0.0,1.3181803928446405,1.693850829498938,2.72443767424811,2.910469997354794,3.189901065633928,0.0,0.06937791541287582,0.08915004365783885,0.1433914565393742,0.153182631439726,0.16788952977020674,0.0,0.0,0.004741885898169588,0.06463602951470623,0.017111450116582525,0.07203859354125633,0.03262053691532712,0.11077091962404709,0.0394448266267045,0.11373780481302148,0.050267723730277956,0.11762180603992878
0.2,4,train_mean_baseline,6392,1599,2790812.0690518315,1670.5723776753377,322121.9780172656,567.5579071929715,313827.3205183835,560.202927980909,0.6602614081391978,382076.01319161145,399773.1832573454,384206.5268060983,17697.170065733953,2130.5136144868447,15738.915521638375,16124.173346758622,199.75114267205123,170.43140942087206,55.378730577818125,63534.262834995345,391490.7855360691,410288.0044014071,395493.900763367,18797.218865338014,4003.115227297938,14998.661284129776,14453.661623675998,182.1494577138315,162.4263397842194,48.41803488148808,59454.99498627322,616.1972400110404,628.2755111921607,0.0,1.363166699588719,1.8020889844324601,2.738474891952865,2.9086068731761325,3.1918869390518156,0.0,0.07174561576782731,0.09484678865434,0.14413025747120342,0.15308457227242803,0.16799404942377977,0.0,0.0,0.005352976474433786,0.06639263929339353,0.016593155349114125,0.07825363330522588,0.03493462445856052,0.1091956330126429,0.03705974886599066,0.11602482340643737,0.04841272525242677,0.119581324171353
0.2,5,train_mean_baseline,6392,1599,2921843.669241173,1709.3401268446175,315293.5416472969,561.5100548051628,313831.4973999408,560.2066559761146,0.6715047836373614,378807.7013525527,402308.3048735544,386720.5548332018,23500.6035210017,7912.8534806491225,15817.26160920017,15383.361928450968,199.4832513916195,170.541301181927,55.26363396470595,63423.320459278424,390024.2265361679,413490.1939379319,398483.6449302594,23465.967401764006,8459.41839409148,15279.093995679017,14794.757522440086,181.787039512347,162.40484533500927,48.38733885489054,59452.935037299656,613.3688356151148,624.5500094566411,0.0,1.302514870687769,1.7401208486479662,2.7162561624983024,2.9199126601285874,3.21033906276641,0.0,0.06855341424672468,0.09158530782357717,0.1429608506578054,0.1536796136909783,0.16896521382981106,0.0,0.0,0.005384817476753109,0.06316859676997157,0.019159946319652083,0.07242536150392509,0.035723434595523906,0.10723741606228149,0.03864070356963811,0.11503891012134018,0.050838075192148446,0.11812713863766261
0.2,6,train_mean_baseline,6392,1599,2823258.6815831754,1680.255540560178,312953.69555488747,559.4226448356264,313801.8779907104,560.1802192069177,0.6670609729701463,394428.4128131583,402184.8999044087,386593.018460487,7756.487091250427,7835.394352671283,15688.437443440924,16003.810590940571,199.5666468228203,170.39389156116408,55.166061328213274,63769.92570597634,409214.08640883473,413297.25864757324,398237.36148343224,4083.172238738509,10976.724925402494,15174.557413570135,15938.924105500682,181.86760339919456,162.1107750520947,48.38577613388002,59894.439671029904,625.7228802332838,637.5210519111386,0.0,1.3363712354008728,1.7830965876590816,2.734602018942463,2.944035473437916,3.2389992916408206,0.0,0.07033532817899331,0.0938471888241622,0.14392642204960332,0.15494923544410083,0.17047364692846423,0.0,0.0,0.006372851192566,0.0639624769864273,0.018000638811761966,0.07584655001240023,0.03586841528863081,0.10805800676097252,0.037606206758088366,0.11734302868601246,0.05112402270577345,0.11934962422269077
0.2,7,train_mean_baseline,6392,1599,2790768.306281738,1670.5592794874829,326187.7872934664,571.1285208194968,313829.3292902042,560.204720874614,0.6581213681954972,383238.9121436128,403184.526325373,387531.78888182814,19945.614181760175,4292.876738215331,15652.73744354484,14556.217270506988,199.46308632480768,170.30985288210763,55.33643522357469,63636.10568878784,393144.766926004,414305.8532515965,399268.93344946,21161.086325592478,6124.166523455991,15036.919802136501,14174.001515666696,181.76136866620007,162.00587148028063,48.575808415821214,59745.54630232763,617.089182152381,628.5327839062867,0.0,1.3096957456438993,1.7679873297731625,2.7258895010394624,2.9465651979233396,3.2556544527084914,0.0,0.06893135503388943,0.09305196472490329,0.14346786847576118,0.1550823788380705,0.1713502343530785,0.0,0.0,0.004843813687221428,0.064087541346668,0.01528704821886527,0.07776491650603802,0.033317929268541484,0.11014993920721969,0.0361445866823547,0.11893779215571579,0.04931870807164519,0.12203152628143331
0.2,8,train_mean_baseline,6392,1599,2857371.8426984544,1690.376242940741,328108.085403215,572.807197408705,313807.51842545695,560.18525366655,0.6611362708149551,384111.1774052228,401925.3192918372,386206.56736646156,17814.141886614438,2095.389961238776,15866.683149954513,16853.96927343291,199.60781111001728,170.4626373065338,55.44767312687899,63567.969114294996,393671.9430481042,412742.59156518104,397744.641560614,19070.648517076857,4072.6985125098145,15173.618333754417,15940.074681013823,181.99131106506726,162.37274689821191,48.57870662006927,59570.12860493192,617.7370886737403,630.6614744331852,0.0,1.3244754303008937,1.699537553838507,2.68520483609255,2.9071039437305903,3.1537907099741838,0.0,0.06970923317373125,0.08944934493886879,0.14132657032066054,0.15300547072266266,0.16598898473548335,0.0,0.0,0.005689345048118955,0.0640198881256123,0.01876773662718008,0.07068160831168871,0.035278441801485635,0.1060481285191749,0.038574037566601084,0.11443143315606158,0.049724663517514305,0.11626432121796904
0.2,9,train_mean_baseline,6392,1599,2751657.966544152,1658.8122155759982,319057.64064629044,564.8518749604098,313759.36532737775,560.142272398163,0.6594841359036693,395287.02563916496,402591.55265857687,387045.20075413026,7304.5270194119075,8241.8248850347,15583.73975695601,14566.622098163263,199.60584175741255,170.4417302184712,55.16019301083587,63656.73947672548,406817.8375684488,413805.9445310469,398843.18532961386,6988.106962598104,7974.65223883494,15007.157276287991,14223.471209656167,181.88224444363112,162.23346409721432,48.26366480912024,59683.448566087885,626.522647573162,637.7040507063803,0.0,1.346292595439272,1.7706176003780214,2.72809909544573,2.984605567286173,3.239149455432088,0.0,0.07085750502311958,0.09319040001989587,0.1435841629181963,0.1570845035413775,0.17048155028589937,0.0,0.0,0.005444251771473696,0.06541325325164588,0.01646039645491825,0.07673000356497761,0.03447460373777752,0.10910955918041879,0.03864474470572673,0.11843975883565078,0.051746302224955305,0.11873524806094407
