regime,gamma,T,seed_idx,err_T,traj_emp_risk,traj_emp_risk_excess,traj_pop_risk,traj_pop_risk_excess,traj_gap,traj_gap_abs,gap_abs
iid,,500,0,0.14376037197100036,5.018745665233763,0.018745665233763198,5.076039025565931,0.07603902556593134,0.05729336033216814,0.03834144620123947,0.03834144620123947
iid,,500,1,0.11380736410374431,5.075630375658708,0.075630375658708,5.0517286317266805,0.05172863172668052,0.023901743932027486,0.10545506678079608,0.10545506678079608
iid,,500,2,0.10626089497897487,5.029320937360432,0.029320937360432175,5.090622398816746,0.09062239881674561,0.06130146145631343,0.013544318371910613,0.013544318371910613
iid,,500,3,0.12482090555742237,5.0553267670396655,0.05532676703966555,5.087771649792738,0.08777164979273788,0.032444882753072335,0.05631274093251282,0.05631274093251282
iid,,500,4,0.049339938392005796,4.983833260833169,-0.01616673916683098,5.06395367944436,0.06395367944436003,0.08012041861119101,0.002397867172837742,0.002397867172837742
iid,,500,5,0.06535268768595806,5.057244674128764,0.05724467412876422,5.063558257075395,0.0635582570753952,0.00631358294663098,0.015553403197261062,0.015553403197261062
iid,,500,6,0.06244079806850651,5.149066500714663,0.149066500714663,5.064170470981953,0.06417047098195283,0.08489602973271015,0.01275497477912868,0.01275497477912868
iid,,500,7,0.1288380550882352,4.908289818940303,-0.09171018105969697,5.087313542256291,0.0873135422562914,0.17902372331598837,0.05054549048237256,0.05054549048237256
iid,,500,8,0.08839731469174106,5.298793631151463,0.2987936311514634,5.065868471582084,0.06586847158208364,0.23292515956937976,0.07111008553906473,0.07111008553906473
iid,,500,9,0.08949878138963609,5.124979154395629,0.12497915439562934,5.064537142928426,0.06453714292842605,0.060442011467203294,0.015620567971818211,0.015620567971818211
iid,,500,10,0.10819389017322492,5.021733577764596,0.02173357776459639,5.102471497563827,0.10247149756382701,0.08073791979923062,0.05483124007428142,0.05483124007428142
iid,,500,11,0.039331636047286164,5.11854910302421,0.11854910302421029,5.055175924964868,0.05517592496486756,0.06337317805934273,0.02475727419276108,0.02475727419276108
iid,,500,12,0.07310158297306124,5.0433878416971245,0.04338784169712451,5.038238012769746,0.03823801276974592,0.005149828927378586,0.03314206521111096,0.03314206521111096
iid,,500,13,0.07697451405375105,5.114913601601425,0.11491360160142516,5.082836882994214,0.0828368829942141,0.03207671860721106,0.03587135312717038,0.03587135312717038
iid,,500,14,0.12505774497571442,5.010783047985204,0.010783047985204242,5.081996871989308,0.08199687198930761,0.07121382400410337,0.0028105053274449787,0.0028105053274449787
iid,,500,15,0.043524377563953574,4.992605580219537,-0.0073944197804634015,5.054292042524707,0.05429204252470665,0.06168646230517005,0.051463612038760154,0.051463612038760154
iid,,500,16,0.04509778209818159,5.151123613964375,0.15112361396437457,5.057157671399989,0.05715767139998906,0.09396594256438551,0.09432761452299854,0.09432761452299854
iid,,500,17,0.07049244194135082,5.1524600446060145,0.15246004460601448,5.05685099954636,0.05685099954636019,0.09560904505965429,0.0049765872792235655,0.0049765872792235655
iid,,500,18,0.07446811471791166,5.1351997301929275,0.13519973019292753,5.094160351912217,0.09416035191221717,0.04103937828071036,0.011635790927289058,0.011635790927289058
iid,,500,19,0.11205079180586779,4.85205826348871,-0.1479417365112896,5.049518416615858,0.04951841661585821,0.19746015312714782,0.020510319574124303,0.020510319574124303
exo,,500,0,0.43780774854144305,5.066874671336889,0.06687467133688862,5.150408360605889,0.1504083606058888,0.08353368926900018,0.041287555140468335,0.041287555140468335
exo,,500,1,0.4777472887287129,5.141465832761787,0.1414658327617868,5.133359844062861,0.13335984406286094,0.00810598869892587,0.07067911312843655,0.07067911312843655
exo,,500,2,0.34619050467825735,5.295656198550658,0.29565619855065783,5.22974316255658,0.22974316255657978,0.06591303599407805,0.0037277445335002213,0.0037277445335002213
exo,,500,3,0.479454894401955,5.324954377252838,0.3249543772528378,5.152873713086077,0.1528737130860769,0.17208066416676093,0.05959554052941041,0.05959554052941041
exo,,500,4,0.3227829946336444,5.089628465850715,0.08962846585071471,5.104418839743774,0.10441883974377397,0.014790373893059261,0.037872440569634236,0.037872440569634236
exo,,500,5,0.2983531040181064,5.269893120804591,0.26989312080459094,5.116059362918284,0.11605936291828378,0.15383375788630715,0.0006750743603101128,0.0006750743603101128
exo,,500,6,0.2337604167670851,5.079421513782469,0.07942151378246898,5.107365920482631,0.10736592048263116,0.027944406700162183,0.006150220603888812,0.006150220603888812
exo,,500,7,0.24920718039297846,5.233770880656031,0.23377088065603058,5.25745520967574,0.2574552096757401,0.023684329019709516,0.16692654881443314,0.16692654881443314
exo,,500,8,0.36341159064890405,5.121339600151081,0.1213396001510807,5.1532772618906115,0.15327726189061153,0.03193766173953083,0.0003393326835245958,0.0003393326835245958
exo,,500,9,0.48504668518662725,5.454357980470559,0.45435798047055886,5.189672352706192,0.1896723527061921,0.26468562776436677,0.10671457647585925,0.10671457647585925
exo,,500,10,0.25691998726511334,5.0570404704963146,0.057040470496314555,5.116456556991839,0.11645655699183877,0.05941608649552421,0.0682160682237809,0.0682160682237809
exo,,500,11,0.17821968553594436,5.013415619109677,0.013415619109676591,5.123021517582077,0.12302151758207724,0.10960589847240065,0.036542801802196045,0.036542801802196045
exo,,500,12,0.2876043449696452,5.049364644094594,0.04936464409459429,5.069203804228449,0.06920380422844907,0.019839160133854783,0.11236443714678579,0.11236443714678579
exo,,500,13,0.26302943000117657,5.193620876002305,0.1936208760023046,5.158812119568405,0.15881211956840513,0.03480875643389947,0.07087322286249975,0.07087322286249975
exo,,500,14,0.5822282738489661,5.177717834896831,0.17771783489683113,5.1709811304559485,0.17098113045594854,0.0067367044408825905,0.24263200717805056,0.24263200717805056
exo,,500,15,0.2443757136136859,5.1827762351311595,0.18277623513115948,5.103456858772808,0.10345685877280797,0.07931937635835151,0.07029807764361795,0.07029807764361795
exo,,500,16,0.25033541373729823,5.020944368245078,0.02094436824507806,5.1635144097113646,0.16351440971136455,0.1425700414662865,0.14045194984669607,0.14045194984669607
exo,,500,17,0.453689668329186,5.071926314319654,0.07192631431965424,5.113951921808098,0.11395192180809843,0.042025607488444194,0.14357952598844914,0.14357952598844914
exo,,500,18,0.22170341824797607,5.37874028741339,0.3787402874133896,5.227406190345921,0.22740619034592058,0.15133409706746903,0.0325670240973599,0.0325670240973599
exo,,500,19,0.43079661370014344,5.219216689237172,0.21921668923717164,5.1462591539306395,0.14625915393063948,0.07295753530653215,0.08627291784811053,0.08627291784811053
feedback,0.25,500,0,0.6433978075920365,5.295848702416152,0.29584870241615224,5.359763363790926,0.3597633637909263,0.06391466137477408,0.1035958947695983,0.1035958947695983
feedback,0.25,500,1,0.4450519842419259,5.301690079488906,0.3016900794889059,5.226398836831042,0.22639883683104234,0.07529124265786358,0.09374947450357052,0.09374947450357052
feedback,0.25,500,2,0.7775098650127412,5.3484433358186685,0.3484433358186685,5.38780573814137,0.3878057381413704,0.03936240232270194,0.3357823491248473,0.3357823491248473
feedback,0.25,500,3,0.42890270657087126,5.272102866302118,0.27210286630211833,5.2358705095949745,0.23587050959497446,0.036232356707143865,0.03557400336546568,0.03557400336546568
feedback,0.25,500,4,0.527266271746407,5.499381383281582,0.4993813832815821,5.560196397098487,0.5601963970984869,0.060815013816904795,0.16634243971167528,0.16634243971167528
feedback,0.25,500,5,0.6358642435816702,5.401912338779843,0.40191233877984267,5.3912572439079085,0.3912572439079085,0.010655094871934168,0.13206330946383193,0.13206330946383193
feedback,0.25,500,6,0.860810249776609,5.675783619750909,0.6757836197509093,5.628626254089735,0.6286262540897347,0.047157365661174566,0.24947112909023517,0.24947112909023517
feedback,0.25,500,7,0.36054141889250746,4.950750370353562,-0.049249629646437754,5.161787487514333,0.16178748751433325,0.211037117160771,0.03861785038530474,0.03861785038530474
feedback,0.25,500,8,0.521072489671566,5.475428015118905,0.4754280151189052,5.212651915273074,0.21265191527307437,0.26277609984583084,0.048202628379141466,0.048202628379141466
feedback,0.25,500,9,0.6370646257147624,5.390510413009852,0.390510413009852,5.415752738683362,0.41575273868336193,0.025242325673509924,0.06479253135999041,0.06479253135999041
feedback,0.25,500,10,0.33936604396310266,5.358775997766219,0.3587759977662186,5.445784906270162,0.44578490627016176,0.08700890850394316,0.2316579167545214,0.2316579167545214
feedback,0.25,500,11,0.48547356695625615,5.3251725951238935,0.3251725951238935,5.226546029374136,0.22654602937413593,0.09862656574975759,0.05189255413529814,0.05189255413529814
feedback,0.25,500,12,0.37126020486908196,5.291249369762165,0.2912493697621654,5.224497263918627,0.2244972639186269,0.06675210584353852,0.00112299715854558,0.00112299715854558
feedback,0.25,500,13,0.6118908866408065,5.4751901517959345,0.4751901517959345,5.385306186758434,0.3853061867584344,0.08988396503750007,0.15194501244354353,0.15194501244354353
feedback,0.25,500,14,0.7181047004948591,5.4102654836754045,0.4102654836754045,5.4877698884821005,0.48776988848210046,0.07750440480669596,0.13420767088453545,0.13420767088453545
feedback,0.25,500,15,0.7113601932530562,5.268196427522027,0.2681964275220272,5.325014324019383,0.32501432401938324,0.056817896497356024,0.3269751078100409,0.3269751078100409
feedback,0.25,500,16,0.7277750744430018,5.520778160790625,0.5207781607906252,5.362414028616791,0.36241402861679095,0.15836413217383427,0.15062994632936721,0.15062994632936721
feedback,0.25,500,17,0.6020049791694885,5.374772403605734,0.37477240360573383,5.282922026602932,0.2829220266029324,0.09185037700280141,0.16304231640720968,0.16304231640720968
feedback,0.25,500,18,0.3989691874041385,5.383646625731759,0.38364662573175856,5.327797931766376,0.3277979317663764,0.05584869396538217,0.06967400599493612,0.06967400599493612
feedback,0.25,500,19,0.45641368366393104,5.004587620401957,0.00458762040195726,5.17667392501885,0.17667392501885004,0.17208630461689278,0.08705477996335276,0.08705477996335276
feedback,0.5,500,0,0.5871722824903095,5.568561668947761,0.5685616689477611,5.556763241086404,0.5567632410864043,0.011798427861356764,0.1900779734546445,0.1900779734546445
feedback,0.5,500,1,0.5156825052243555,5.623891704378571,0.623891704378571,5.650087071509974,0.650087071509974,0.026195367131403025,0.44632315984379733,0.44632315984379733
feedback,0.5,500,2,0.6822349519099039,5.69145006646756,0.69145006646756,5.759506658191238,0.7595066581912384,0.0680565917236784,0.19069238298662494,0.19069238298662494
feedback,0.5,500,3,0.9802562915815223,5.4937007964470705,0.49370079644707054,5.470808437737643,0.47080843773764336,0.022892358709427185,0.5078759916354469,0.5078759916354469
feedback,0.5,500,4,1.2007539296490741,5.859958257837914,0.8599582578379144,5.962316419754766,0.9623164197547656,0.10235816191685121,0.6291513680171557,0.6291513680171557
feedback,0.5,500,5,0.916248212952328,5.883365323902504,0.8833653239025043,5.922497042442531,0.9224970424425312,0.03913171854002684,0.07044946992667711,0.07044946992667711
feedback,0.5,500,6,0.6382458251894446,5.480991200134951,0.4809912001349508,5.513521739421094,0.513521739421094,0.032530539286143245,0.001149904070573804,0.001149904070573804
feedback,0.5,500,7,0.6709169289086406,5.270408985547667,0.27040898554766724,5.410738271426926,0.41073827142692565,0.14032928587925841,0.03809137577342092,0.03809137577342092
feedback,0.5,500,8,0.5607354092199393,5.665367551346371,0.665367551346371,5.364710962727602,0.3647109627276022,0.30065658861876887,0.0676925322017885,0.0676925322017885
feedback,0.5,500,9,0.6647104802841912,5.663432837626374,0.6634328376263738,5.582120732771531,0.5821207327715312,0.08131210485484264,0.08950880744365808,0.08950880744365808
feedback,0.5,500,10,0.5650364840688826,5.457495889377722,0.45749588937772234,5.5078017917602535,0.5078017917602535,0.05030590238253119,0.09029048420731467,0.09029048420731467
feedback,0.5,500,11,0.6589784646014388,5.497231195781045,0.4972311957810449,5.3942880372020205,0.39428803720202055,0.10294315857902436,0.049291537614736924,0.049291537614736924
feedback,0.5,500,12,1.119182255408324,5.856552493897845,0.856552493897845,5.816917180414917,0.8169171804149169,0.03963531348292815,0.5500225973884003,0.5500225973884003
feedback,0.5,500,13,0.9600503795439953,5.876116227423128,0.876116227423128,5.890364779778402,0.8903647797784018,0.01424855235527378,0.17878411258900595,0.17878411258900595
feedback,0.5,500,14,1.0487539454180783,5.559375597202071,0.5593755972020711,5.71166531991999,0.71166531991999,0.15228972271791896,0.48027860223792285,0.48027860223792285
feedback,0.5,500,15,0.7075115423746118,5.449233576942246,0.4492335769422464,5.484120476911743,0.48412047691174287,0.034886899969496454,0.14711665750244407,0.14711665750244407
feedback,0.5,500,16,1.1294997318181952,6.0589949658969475,1.0589949658969475,6.121235055871855,1.1212350558718551,0.0622400899749076,0.13718080034477964,0.13718080034477964
feedback,0.5,500,17,0.9809508409899105,5.690232629703903,0.6902326297039032,5.567510954580354,0.5675109545803538,0.12272167512354937,0.44043362770830097,0.44043362770830097
feedback,0.5,500,18,0.5880906256560221,5.623718788608862,0.623718788608862,5.545592749512707,0.5455927495127071,0.0781260390961549,0.10889493821123786,0.10889493821123786
feedback,0.5,500,19,0.48942776545142636,5.359493472456394,0.3594934724563936,5.453279998970147,0.4532799989701468,0.09378652651375319,0.12739583880149308,0.12739583880149308
feedback,1.0,500,0,1.0045099818453582,6.618261858678942,1.6182618586789417,6.789270573960723,1.7892705739607226,0.17100871528178097,0.743656439775525,0.743656439775525
feedback,1.0,500,1,0.8623371442045754,5.629446326309003,0.6294463263090027,5.583198549910987,0.5831985499109873,0.04624777639801536,0.07684220789290475,0.07684220789290475
feedback,1.0,500,2,1.4345850082564335,6.741634362799591,1.7416343627995907,6.6808567361762,1.6808567361762004,0.06077762662339037,0.4387838814711218,0.4387838814711218
feedback,1.0,500,3,0.7510258543710827,6.614524848274477,1.6145248482744767,6.683837091350349,1.683837091350349,0.06931224307587236,1.0290149796948542,1.0290149796948542
feedback,1.0,500,4,1.5716717416378658,6.301522158931915,1.301522158931915,6.455215523827361,1.455215523827361,0.15369336489544594,1.1179002057048262,1.1179002057048262
feedback,1.0,500,5,1.4549685569742439,6.361011558416669,1.3610115584166689,6.426704447816099,1.4267044478160988,0.06569288939942997,0.8165269020307004,0.8165269020307004
feedback,1.0,500,6,0.8558210908818666,6.128013943568141,1.128013943568141,6.029230560693059,1.0292305606930592,0.09878338287508193,0.1885468735089999,0.1885468735089999
feedback,1.0,500,7,0.649771386077984,5.983706857997305,0.983706857997305,6.265053204299184,1.2650532042991838,0.2813463463018788,0.7872032026043225,0.7872032026043225
feedback,1.0,500,8,1.4765058079654094,6.728178128762035,1.7281781287620346,6.424963774979865,1.4249637749798651,0.30321435378216943,0.8088597427536071,0.8088597427536071
feedback,1.0,500,9,1.1523558937663707,7.226002601303313,2.226002601303313,7.125805916427195,2.125805916427195,0.10019668487611799,0.6861759671140852,0.6861759671140852
feedback,1.0,500,10,0.4871998265021585,6.066974091251525,1.0669740912515246,5.969353785441307,0.9693537854413066,0.09762030581021808,0.6288498528979085,0.6288498528979085
feedback,1.0,500,11,1.2485595982271882,6.382837957702958,1.3828379577029581,6.313566868934441,1.3135668689344406,0.06927108876851751,0.3520484628496021,0.3520484628496021
feedback,1.0,500,12,0.7905914388670229,5.924609446475663,0.9246094464756629,5.947250379200026,0.9472503792000264,0.022640932724363516,0.2595858172745453,0.2595858172745453
feedback,1.0,500,13,0.8728818430570271,6.279804894436187,1.2798048944361868,6.195041683206097,1.1950416832060968,0.08476321123009001,0.28562692478295926,0.28562692478295926
feedback,1.0,500,14,1.0089521934219001,6.121574317565416,1.1215743175654156,6.116419028197937,1.116419028197937,0.005155289367478666,0.001447639352093688,0.001447639352093688
feedback,1.0,500,15,1.2841785478883632,6.416656113139643,1.4166561131396431,6.544376775063183,1.5443767750631832,0.12772066192354004,0.2908401438259558,0.2908401438259558
feedback,1.0,500,16,0.9701696330540541,6.248314975715319,1.248314975715319,6.269758117334596,1.2697581173345958,0.02144314161927685,0.3217028174480685,0.3217028174480685
feedback,1.0,500,17,1.0295323307410704,6.397550748464599,1.3975507484645986,6.228100090163728,1.2281000901637276,0.16945065830087103,0.13283454664603322,0.13283454664603322
feedback,1.0,500,18,1.5111983444738055,6.988195156390711,1.9881951563907112,6.853753680395616,1.8537536803956156,0.1344414759950956,0.6445722173667408,0.6445722173667408
feedback,1.0,500,19,1.2581119716657685,6.829372075171339,1.8293720751713387,6.921810681116724,1.9218106811167237,0.092438605945385,0.1821812336374764,0.1821812336374764
iid,,1000,0,0.0847247765821818,4.98126085578861,-0.018739144211389558,5.045401541992366,0.04540154199236568,0.06414068620375524,0.021255205201093474,0.021255205201093474
iid,,1000,1,0.07627419883990813,5.0364045294683475,0.03640452946834749,5.030334560416893,0.030334560416893197,0.006069969051454294,0.11512781994441657,0.11512781994441657
iid,,1000,2,0.02480712287873756,5.060096786081754,0.06009678608175406,5.047636257008308,0.04763625700830776,0.012460529073446303,0.010808128613424728,0.010808128613424728
iid,,1000,3,0.0979158501124407,5.1023912245288106,0.10239122452881055,5.048867072233782,0.04886707223378206,0.05352415229502849,0.08510998380420265,0.08510998380420265
iid,,1000,4,0.0386984440979424,4.962098030666894,-0.03790196933310597,5.03300289175154,0.03300289175153992,0.07090486108464589,0.00424287320816763,0.00424287320816763
iid,,1000,5,0.08500157630016389,5.0909063196934445,0.09090631969344454,5.0343382467575735,0.034338246757573465,0.05656807293587107,0.009128840983231079,0.009128840983231079
iid,,1000,6,0.07032639720292524,5.0632778953168724,0.06327789531687245,5.034309369645985,0.0343093696459853,0.028968525670887146,0.006012370389738564,0.006012370389738564
iid,,1000,7,0.07228795587945057,4.965366807335415,-0.03463319266458509,5.0478239328250325,0.0478239328250325,0.08245712548961759,0.05175431483328019,0.05175431483328019
iid,,1000,8,0.057004954648950966,5.1350738216483185,0.1350738216483185,5.0341683697083734,0.03416836970837345,0.10090545193994505,0.07075219150943557,0.07075219150943557
iid,,1000,9,0.06056113640004717,5.185034265421776,0.18503426542177603,5.034699614883518,0.03469961488351814,0.1503346505382579,0.014377434270510747,0.014377434270510747
iid,,1000,10,0.0777857398024155,4.976300940953949,-0.023699059046051296,5.056415663357868,0.05641566335786763,0.08011472240391893,0.07040260013039834,0.07040260013039834
iid,,1000,11,0.03429799546941504,5.029498645821284,0.02949864582128381,5.028674053046838,0.028674053046837678,0.0008245927744461312,0.021598254382861448,0.021598254382861448
iid,,1000,12,0.049519549484331744,4.996366632099875,-0.0036333679001252506,5.020249256909104,0.020249256909104396,0.023882624809229647,0.05228037643655359,0.05228037643655359
iid,,1000,13,0.0798269780941101,5.113509669441327,0.1135096694413269,5.044023899625012,0.044023899625011964,0.06948576981631494,0.04936514393921243,0.04936514393921243
iid,,1000,14,0.08049752277080859,5.009180585909436,0.009180585909436267,5.045352529537315,0.04535252953731472,0.036171943627878456,0.010975954716136549,0.010975954716136549
iid,,1000,15,0.037645300741916556,5.040153055338726,0.04015305533872571,5.028347516273764,0.028347516273764306,0.011805539064961401,0.05269409308720174,0.05269409308720174
iid,,1000,16,0.07220039146711216,5.024857833376488,0.024857833376487726,5.031464581028089,0.031464581028089356,0.00660674765160163,0.11013789638776572,0.11013789638776572
iid,,1000,17,0.06603668652832115,5.058236229761689,0.05823622976168874,5.03075394887069,0.030753948870690273,0.027482280890998467,0.010268095169179148,0.010268095169179148
iid,,1000,18,0.06249274247255009,5.18502856514047,0.1850285651404704,5.05047460570687,0.0504746057068699,0.1345539594336005,0.042148274504519634,0.042148274504519634
iid,,1000,19,0.06246282225417094,4.964633575920608,-0.035366424079391834,5.028455615071696,0.028455615071695917,0.06382203915108775,0.01503131624805043,0.01503131624805043
exo,,1000,0,0.29858362255448495,5.085892019970596,0.08589201997059615,5.1006127907605885,0.10061279076058849,0.014720770789992343,0.013512728255331119,0.013512728255331119
exo,,1000,1,0.20586305220091286,5.023865133978367,0.02386513397836687,5.067967976318923,0.06796797631892293,0.04410284234055606,0.09233671147037814,0.09233671147037814
exo,,1000,2,0.13296928677350703,5.14459193699012,0.1445919369901203,5.060799443691342,0.060799443691341715,0.08379249329877858,0.04076970255059731,0.04076970255059731
exo,,1000,3,0.37137059277405876,5.079673057027423,0.07967305702742333,5.069073237106744,0.0690732371067444,0.010599819920678932,0.018349378421842033,0.018349378421842033
exo,,1000,4,0.1917949896037971,5.0196696782398655,0.01966967823986554,5.077542149194097,0.0775421491940973,0.05787247095423176,0.008874123760303831,0.008874123760303831
exo,,1000,5,0.4584682588654844,5.187163158957476,0.1871631589574756,5.102840243119339,0.10284024311933937,0.08432291583813623,0.12541521542741307,0.12541521542741307
exo,,1000,6,0.3039551787331382,5.18967883088556,0.18967883088556015,5.061368498462282,0.061368498462281984,0.12831033242327816,0.024312578282315478,0.024312578282315478
exo,,1000,7,0.14547332204530125,5.012951052491353,0.012951052491352755,5.093254342303118,0.09325434230311824,0.08030328981176549,0.052273261365930246,0.052273261365930246
exo,,1000,8,0.26466182562910706,4.788179416730593,-0.21182058326940734,5.040469684388904,0.04046968438890364,0.252290267658311,0.04315593055074718,0.04315593055074718
exo,,1000,9,0.29772295956323885,4.983438496703077,-0.01656150329692263,5.085245414379022,0.08524541437902222,0.10180691767594485,0.04498796286878459,0.04498796286878459
exo,,1000,10,0.18776797995421549,5.025121590238827,0.025121590238827096,5.069148713372507,0.06914871337250705,0.04402712313367996,0.06840666827189423,0.06840666827189423
exo,,1000,11,0.1132524682832587,5.093923406108258,0.09392340610825833,5.049917211911865,0.04991721191186471,0.04400619419639362,0.02884848081913205,0.02884848081913205
exo,,1000,12,0.2992884567429025,5.098860257245807,0.09886025724580705,5.0437233260718175,0.0437233260718175,0.055136931173989545,0.0631284988270151,0.0631284988270151
exo,,1000,13,0.37428658724979436,5.059853398237956,0.05985339823795588,5.082669336723992,0.0826693367239919,0.022815938486036025,0.14018104461407255,0.14018104461407255
exo,,1000,14,0.2917428868247985,5.084243351953872,0.08424335195387211,5.074360422665765,0.07436042266576504,0.009882929288107078,0.007126630418387236,0.007126630418387236
exo,,1000,15,0.15618507341650406,5.049005553919928,0.04900555391992789,5.0728570523877075,0.07285705238770745,0.023851498467779564,0.08372561266345002,0.08372561266345002
exo,,1000,16,0.2940771793298521,4.965797544232748,-0.034202455767252005,5.072158714147825,0.07215871414782526,0.10636116991507727,0.04533912133127416,0.04533912133127416
exo,,1000,17,0.33114115118220827,5.021405176333344,0.021405176333344045,5.079103235241399,0.07910323524139873,0.057698058908054684,0.048246981957829504,0.048246981957829504
exo,,1000,18,0.2360649099593589,5.091309675802181,0.09130967580218119,5.083609777697985,0.08360977769798517,0.0076998981041960235,0.011384633302705005,0.011384633302705005
exo,,1000,19,0.20683570407170462,5.176154635117146,0.1761546351171459,5.083167793909336,0.08316779390933604,0.09298684120780987,0.041668536080982754,0.041668536080982754
feedback,0.25,1000,0,0.5342106222147528,5.256385164576999,0.256385164576999,5.331419461796102,0.33141946179610215,0.07503429721910315,0.044714591099026535,0.044714591099026535
feedback,0.25,1000,1,0.6494029480864814,5.331010020763171,0.33101002076317076,5.293920431272152,0.29392043127215217,0.03708958949101859,0.08947042839623265,0.08947042839623265
feedback,0.25,1000,2,0.5521500491090817,5.5109858075421085,0.5109858075421085,5.470248629331122,0.4702486293311221,0.040737178210986436,0.07304536062805322,0.07304536062805322
feedback,0.25,1000,3,0.5873920620021126,5.366774654496631,0.3667746544966306,5.242929170404113,0.24292917040411321,0.12384548409251739,0.07792768097770875,0.07792768097770875
feedback,0.25,1000,4,0.9679494824999255,5.465650503141955,0.4656505031419549,5.552781251776371,0.5527812517763708,0.08713074863441594,0.42405801944776567,0.42405801944776567
feedback,0.25,1000,5,0.4461686866270184,5.378243751394277,0.3782437513942769,5.326431533286344,0.32643153328634433,0.05181221810793257,0.08604839586944113,0.08604839586944113
feedback,0.25,1000,6,0.6498564208005551,5.5798491351569846,0.5798491351569846,5.508873453434653,0.5088734534346528,0.07097568172233171,0.008276911899312012,0.008276911899312012
feedback,0.25,1000,7,0.22787908040445154,5.1003861911884725,0.10038619118847247,5.164816976845299,0.16481697684529895,0.06443078565682647,0.13679545717259867,0.13679545717259867
feedback,0.25,1000,8,0.4856385205064255,5.305426060315761,0.305426060315761,5.213406720915883,0.21340672091588342,0.09201933939987761,0.00036244103331206645,0.00036244103331206645
feedback,0.25,1000,9,0.6077657964957018,5.515009588284587,0.5150095882845873,5.405787348966824,0.40578734896682356,0.10922223931776376,0.010475963002879674,0.010475963002879674
feedback,0.25,1000,10,0.40454016657109365,5.223503265361529,0.2235032653615292,5.301685870676087,0.30168587067608676,0.07818260531455756,0.00436881801008937,0.00436881801008937
feedback,0.25,1000,11,0.49834569817106145,5.276088368242992,0.2760883682429922,5.245520797165206,0.2455207971652058,0.030567571077786404,0.02618345201111616,0.02618345201111616
feedback,0.25,1000,12,0.23229600756573454,5.15276552525836,0.15276552525835996,5.148316054050327,0.14831605405032722,0.00444947120803274,0.007463952243426775,0.007463952243426775
feedback,0.25,1000,13,0.5188589393537545,5.468951751499878,0.468951751499878,5.382796349471977,0.3827963494719766,0.0861554020279014,0.01412454000904173,0.01412454000904173
feedback,0.25,1000,14,0.21642578484219224,5.330242934316826,0.33024293431682583,5.378858685073639,0.37885868507363885,0.048615750756813014,0.2798676259041395,0.2798676259041395
feedback,0.25,1000,15,0.34804787230619044,5.372036717602909,0.37203671760290913,5.329658014430926,0.329658014430926,0.04237870317198311,0.12486517335446212,0.12486517335446212
feedback,0.25,1000,16,0.6000139492305969,5.49598759032659,0.4959875903265898,5.462114355234142,0.46211435523414224,0.03387323509244755,0.1475891806304892,0.1475891806304892
feedback,0.25,1000,17,0.49367928580116827,5.339972258470504,0.33997225847050405,5.307709894156666,0.30770989415666605,0.032262364313838,0.009672815834478321,0.009672815834478321
feedback,0.25,1000,18,0.4794170686600563,5.454976933000266,0.45497693300026576,5.281427232865664,0.2814272328656644,0.17354970013460136,0.06581132380422883,0.06581132380422883
feedback,0.25,1000,19,0.3543096805728032,5.114217057498225,0.11421705749822486,5.180630564953406,0.18063056495340568,0.06641350745518082,0.022121324010941912,0.022121324010941912
feedback,0.5,1000,0,0.5657128125271019,5.442171013435835,0.44217101343583476,5.460167702374786,0.4601677023747861,0.017996688938951344,0.15061917742332032,0.15061917742332032
feedback,0.5,1000,1,0.4219108564500119,5.482599799126905,0.48259979912690465,5.508687478142089,0.5086874781420887,0.02608767901518405,0.4416338649417062,0.4416338649417062
feedback,0.5,1000,2,0.541098736706358,5.5421151149692705,0.5421151149692705,5.536928908870779,0.5369289088707792,0.005186206098491297,0.17229141474527054,0.17229141474527054
feedback,0.5,1000,3,1.01452842818906,5.564184247523384,0.564184247523384,5.510382134681278,0.5103821346812776,0.05380211284210645,0.47723170847443175,0.47723170847443175
feedback,0.5,1000,4,0.5516506348741116,5.792514704098432,0.7925147040984317,5.806342423894506,0.806342423894506,0.013827719796074334,0.45188643078078883,0.45188643078078883
feedback,0.5,1000,5,0.8156831572558666,5.73699280905103,0.7369928090510296,5.731646363381193,0.7316463633811932,0.0053464456698364415,0.005717507285832646,0.005717507285832646
feedback,0.5,1000,6,0.8817372190359204,5.452208343244495,0.45220834324449477,5.4952327978207,0.49523279782069984,0.04302445457620507,0.3365150969213273,0.3365150969213273
feedback,0.5,1000,7,0.9996646434299371,5.402016573243045,0.40201657324304474,5.450888802028625,0.4508888020286248,0.04887222878558006,0.511936218574526,0.511936218574526
feedback,0.5,1000,8,0.6641483547625381,5.50691117685392,0.5069111768539196,5.340412194304355,0.34041219430435543,0.1664989825495642,0.05877343608974073,0.05877343608974073
feedback,0.5,1000,9,0.3700463231951848,5.584315756595006,0.5843157565950063,5.437570261634813,0.4375702616348134,0.14674549496019296,0.28966204864038847,0.28966204864038847
feedback,0.5,1000,10,0.8536595956910763,5.515939766762527,0.5159397667625267,5.577556928670552,0.5775569286705524,0.061617161908025686,0.31801531447844233,0.31801531447844233
feedback,0.5,1000,11,0.5756619030379933,5.356041151012192,0.35604115101219236,5.351954878778566,0.35195487877856557,0.0040862722336267865,0.02072470188564335,0.02072470188564335
feedback,0.5,1000,12,1.2052676422863744,5.9177022711239005,0.9177022711239005,5.942273758825931,0.9422737588259311,0.02457148770203066,0.6182774315871766,0.6182774315871766
feedback,0.5,1000,13,0.8246396008787426,5.886505105887425,0.8865051058874247,5.809836488370315,0.8098364883703146,0.07666861751711007,0.02466155017897531,0.02466155017897531
feedback,0.5,1000,14,0.8604122006967704,5.606449859947732,0.6064498599477322,5.677121493847356,0.6771214938473564,0.07067163389962428,0.0991083874899541,0.0991083874899541
feedback,0.5,1000,15,1.1218016481478013,5.678185082038701,0.6781850820387012,5.628073872273118,0.6280738722731183,0.05011120976558292,0.7038862440890536,0.7038862440890536
feedback,0.5,1000,16,0.9352114446550761,6.046643902565913,1.046643902565913,6.123872314316959,1.1238723143169587,0.07722841175104556,0.3195806489077482,0.3195806489077482
feedback,0.5,1000,17,0.9310729583340562,5.670887910393554,0.6708879103935539,5.680947669882338,0.6809476698823378,0.010059759488783904,0.17459701110961223,0.17459701110961223
feedback,0.5,1000,18,0.743418276186899,5.6008746217465415,0.6008746217465415,5.435895955805554,0.4358959558055542,0.1649786659409873,0.13482212824433404,0.13482212824433404
feedback,0.5,1000,19,0.7023703632898199,5.414859298208257,0.41485929820825707,5.410114296760033,0.41011429676003264,0.0047450014482244285,0.10847499134124305,0.10847499134124305
feedback,1.0,1000,0,0.9427449621033402,6.535096947351354,1.535096947351354,6.676307639280888,1.6763076392808882,0.14121069192953417,0.7434147834147851,0.7434147834147851
feedback,1.0,1000,1,0.5791468401425924,5.491705383528203,0.4917053835282026,5.495150480997047,0.4951504809970473,0.0034450974688446934,0.24893975113704148,0.24893975113704148
feedback,1.0,1000,2,1.4058487075760582,6.685808897490794,1.6858088974907943,6.608357857553665,1.6083578575536652,0.0774510399371291,0.49991472363278255,0.49991472363278255
feedback,1.0,1000,3,0.48324964049042074,6.153918491416635,1.1539184914166354,6.09802283737919,1.0980228373791903,0.05589565403744512,0.8923528029075838,0.8923528029075838
feedback,1.0,1000,4,1.2999019721442504,6.295845172810855,1.2958451728108553,6.443369808588268,1.443369808588268,0.1475246357774127,0.2942365113457317,0.2942365113457317
feedback,1.0,1000,5,0.9178250041519973,6.341940133419989,1.341940133419989,6.2558969389148,1.2558969389148,0.08604319450518894,0.3751739644921033,0.3751739644921033
feedback,1.0,1000,6,0.5769540615685934,6.050591835231228,1.050591835231228,6.002146064299125,1.002146064299125,0.048445770932103116,0.59219246919203,0.59219246919203
feedback,1.0,1000,7,0.4501985430536726,6.489187652713566,1.4891876527135661,6.587866885560784,1.5878668855607838,0.09867923284721769,1.3982823631029904,1.3982823631029904
feedback,1.0,1000,8,1.4504627711288909,6.704069773889837,1.7040697738898372,6.500279021578489,1.5002790215784891,0.20379075231134802,0.589376856311179,0.589376856311179
feedback,1.0,1000,9,1.1859456903745007,7.023940945013808,2.023940945013808,6.871769097859373,1.8717690978593726,0.15217184715443555,0.4013679573821243,0.4013679573821243
feedback,1.0,1000,10,0.5033782415388989,5.8070733529949745,0.8070733529949745,5.782386333734433,0.7823863337344328,0.02468701926054173,0.40401342684494246,0.40401342684494246
feedback,1.0,1000,11,1.7998966408222716,6.615165610618283,1.6151656106182832,6.64940253254801,1.6494025325480104,0.03423692192972716,1.5973317101053945,1.5973317101053945
feedback,1.0,1000,12,0.8888823743077696,5.9011772410633085,0.9011772410633085,5.87359927675624,0.8735992767562397,0.027577964307068825,0.04782015670317996,0.04782015670317996
feedback,1.0,1000,13,1.6991035819586435,6.541665507463276,1.541665507463276,6.461932386221163,1.4619323862211626,0.07973312124211329,1.545004826186303,1.545004826186303
feedback,1.0,1000,14,1.0192083759504,6.008086402906531,1.0080864029065308,5.970716969820158,0.9707169698201579,0.03736943308637297,0.1383231354383101,0.1383231354383101
feedback,1.0,1000,15,1.5471244701746594,6.426113486175984,1.4261134861759839,6.489139030684585,1.4891390306845853,0.06302554450860143,0.9993970399245384,0.9993970399245384
feedback,1.0,1000,16,0.8187655601086047,6.1087712720357095,1.1087712720357095,6.129605887194595,1.1296058871945949,0.020834615158885406,0.5531892269197476,0.5531892269197476
feedback,1.0,1000,17,0.7003341400964734,6.2426626157655445,1.2426626157655445,6.237943869959148,1.2379438699591478,0.00471874580639664,0.6712458203214018,0.6712458203214018
feedback,1.0,1000,18,1.4899131707400997,6.987561181099718,1.9875611810997178,6.8261443332048115,1.8261443332048115,0.1614168478949063,0.36327924039516546,0.36327924039516546
feedback,1.0,1000,19,1.555010945122888,7.061729907681825,2.0617299076818254,7.0810531439876065,2.0810531439876065,0.019323236305781144,0.3588748961753163,0.3588748961753163
iid,,2000,0,0.033873937481217954,4.998725517536342,-0.001274482463657911,5.023985888262005,0.023985888262004984,0.025260370725662895,0.0071304133571432615,0.0071304133571432615
iid,,2000,1,0.06700363177016377,5.00018806808902,0.00018806808902027683,5.017415184958118,0.01741518495811789,0.017227116869097614,0.10937918323547446,0.10937918323547446
iid,,2000,2,0.03399055348409457,5.0789423549607395,0.07894235496073954,5.024511651863759,0.02451165186375892,0.054430703096980615,0.02919883759950359,0.02919883759950359
iid,,2000,3,0.05248085735287468,5.061439850977538,0.061439850977538235,5.027476176291589,0.027476176291589383,0.03396367468594885,0.060645977455707545,0.060645977455707545
iid,,2000,4,0.04980677390465422,4.9637274423505895,-0.03627255764941051,5.017986465279162,0.017986465279162367,0.054259022928572875,0.0019827639963869714,0.0019827639963869714
iid,,2000,5,0.06260707005675395,5.075998544946548,0.07599854494654767,5.019136179798215,0.019136179798215025,0.05686236514833265,0.027684117472972503,0.027684117472972503
iid,,2000,6,0.030369806837167848,5.101631492224441,0.10163149222444101,5.01823325786762,0.01823325786762009,0.08339823435682092,0.02806066768870874,0.02806066768870874
iid,,2000,7,0.05976326455863907,4.957384976012938,-0.04261502398706174,5.02598457451674,0.02598457451674019,0.06859959850380193,0.031176943734613438,0.031176943734613438
iid,,2000,8,0.03320326583432837,4.9333154070455265,-0.06668459295447349,5.017858207531914,0.017858207531913806,0.08454280048638729,0.010111608124837801,0.010111608124837801
iid,,2000,9,0.021878681136925267,5.0581719667298275,0.058171966729827496,5.01791227728604,0.01791227728604028,0.04025968944378722,0.010262468687480819,0.010262468687480819
iid,,2000,10,0.0776975014631357,4.965820929268481,-0.03417907073151927,5.030901005989018,0.030901005989018238,0.0650800767205375,0.08697930550054522,0.08697930550054522
iid,,2000,11,0.04971482383046946,5.034626930725353,0.034626930725353056,5.0155810422814575,0.015581042281457513,0.019045888443895542,0.01543963214386146,0.01543963214386146
iid,,2000,12,0.05991489156680665,5.024710879234359,0.024710879234358885,5.011952068027819,0.011952068027818896,0.012758811206539988,0.005330300739890603,0.005330300739890603
iid,,2000,13,0.053720928566242714,5.055259888839922,0.055259888839922056,5.023949353944144,0.023949353944144214,0.03131053489577784,0.04593653398238473,0.04593653398238473
iid,,2000,14,0.035475445080799466,5.011250220174972,0.011250220174972014,5.0242041182665025,0.024204118266502483,0.012953898091530469,0.031454983976347606,0.031454983976347606
iid,,2000,15,0.03523041489724057,5.016921702700254,0.016921702700254393,5.014806622057964,0.014806622057964347,0.002115080642290046,0.08571312149554977,0.08571312149554977
iid,,2000,16,0.06360309165917244,4.9513289021141444,-0.04867109788585555,5.018258391100565,0.018258391100564708,0.06692948898642026,0.08011954806282784,0.08011954806282784
iid,,2000,17,0.027222806630429964,5.0156402665820226,0.015640266582022555,5.0166588647386385,0.016658864738638535,0.0010185981566159796,0.01192951245192031,0.01192951245192031
iid,,2000,18,0.03721473156220922,5.103879762714346,0.10387976271434596,5.026122245773166,0.02612224577316624,0.07775751694117972,0.04363062179598742,0.04363062179598742
iid,,2000,19,0.05474268155953766,5.026736989845003,0.026736989845002945,5.016252795329139,0.016252795329139147,0.010484194515863798,0.042473360856606135,0.042473360856606135
exo,,2000,0,0.19079987622706504,4.993760478773712,-0.006239521226287792,5.039142129640702,0.03914212964070174,0.04538165086698953,0.07319140223086151,0.07319140223086151
exo,,2000,1,0.25601178368588096,4.928857408854394,-0.07114259114560628,5.031070383507964,0.03107038350796376,0.10221297465357004,0.04331122048860081,0.04331122048860081
exo,,2000,2,0.18751833444384586,4.958426556333017,-0.04157344366698279,5.0406612213574,0.040661221357400024,0.08223466502438281,0.016275118611296158,0.016275118611296158
exo,,2000,3,0.1749470973190102,4.935859839701116,-0.06414016029888359,5.029383193538462,0.02938319353846186,0.09352335383734545,0.04918037319759172,0.04918037319759172
exo,,2000,4,0.19124844785983844,5.069138100610584,0.06913810061058356,5.034266158666392,0.03426615866639171,0.03487194194419185,0.02014532891566656,0.02014532891566656
exo,,2000,5,0.23302446638085833,5.14643547574576,0.14643547574576044,5.046652553406061,0.04665255340606134,0.0997829223396991,0.023372676806871162,0.023372676806871162
exo,,2000,6,0.14087718156976967,5.098899878170989,0.09889987817098866,5.033228734722766,0.03322873472276644,0.06567114344822222,0.014342959932053034,0.014342959932053034
exo,,2000,7,0.24727686328881893,4.957198264122663,-0.04280173587733671,5.058112452022073,0.0581124520220726,0.10091418789940931,0.03545706601691556,0.03545706601691556
exo,,2000,8,0.13800257074953137,5.017173330764633,0.01717333076463312,5.0353280393802535,0.03532803938025353,0.018154708615620407,0.027877511985603398,0.027877511985603398
exo,,2000,9,0.16536833783018476,5.0667387799081665,0.06673877990816646,5.027249999303893,0.02724999930389327,0.03948878060427319,0.027027076357367896,0.027027076357367896
exo,,2000,10,0.23967499205164847,5.182188385013323,0.18218838501332257,5.039901084534509,0.03990108453450869,0.14228730047881388,0.07393457683372251,0.07393457683372251
exo,,2000,11,0.23219859888984706,4.980420701198112,-0.019579298801888356,5.04504443635349,0.04504443635349009,0.06462373515537845,0.04089430531680538,0.04089430531680538
exo,,2000,12,0.22716291728124974,5.025872406112898,0.02587240611289765,5.038585971813789,0.038585971813788866,0.012713565700891216,0.010157072865783157,0.010157072865783157
exo,,2000,13,0.24065836657278675,5.127080999763605,0.12708099976360465,5.049010294931946,0.04901029493194642,0.07807070483165823,0.0029263624944491085,0.0029263624944491085
exo,,2000,14,0.18118377943110936,5.018127101220223,0.018127101220223096,5.026942457254848,0.02694245725484823,0.008815356034625133,0.021488885267392455,0.021488885267392455
exo,,2000,15,0.15750691860566113,5.020748748731523,0.020748748731523214,5.0252152288825895,0.025215228882589535,0.004466480151066321,0.07020543697520676,0.07020543697520676
exo,,2000,16,0.21328020036152773,4.924825381125221,-0.07517461887477861,5.038370612160481,0.03837061216048099,0.1135452310352596,0.04195705101324254,0.04195705101324254
exo,,2000,17,0.18686537527370514,5.117540340729239,0.11754034072923858,5.053719278811986,0.053719278811986015,0.06382106191725256,0.0005542895804424575,0.0005542895804424575
exo,,2000,18,0.19232344712280727,4.988870824425996,-0.011129175574003725,5.025189797969025,0.025189797969025207,0.03631897354302893,8.498090197139874e-05,8.498090197139874e-05
exo,,2000,19,0.1471674965257376,5.000267771651678,0.000267771651677684,5.028493611169425,0.028493611169425392,0.02822583951774771,0.002855911889990459,0.002855911889990459
feedback,0.25,2000,0,0.7150555343338166,5.320227506228512,0.3202275062285116,5.348680296660349,0.3486802966603486,0.028452790431837016,0.18206129013255,0.18206129013255
feedback,0.25,2000,1,0.6794605586198766,5.3640130391539715,0.36401303915397154,5.354339784890295,0.3543397848902954,0.009673254263676156,0.050961303496880994,0.050961303496880994
feedback,0.25,2000,2,0.4625467468818949,5.542089384752139,0.5420893847521393,5.464757613374537,0.4647576133745366,0.07733177137760272,0.22498551014994117,0.22498551014994117
feedback,0.25,2000,3,0.58998987777566,5.3602142631723035,0.36021426317230354,5.278880054783546,0.2788800547835457,0.08133420838875782,0.053425038454557594,0.053425038454557594
feedback,0.25,2000,4,0.8127128914376686,5.526780384818786,0.5267803848187862,5.523869662172634,0.5238696621726344,0.0029107226461517755,0.16208310793002756,0.16208310793002756
feedback,0.25,2000,5,0.44713422915087564,5.350640979705129,0.35064097970512886,5.3116757946647155,0.3116757946647155,0.03896518504041335,0.12029973500604196,0.12029973500604196
feedback,0.25,2000,6,0.5474629677972523,5.527658898722494,0.5276588987224944,5.426006965848869,0.42600696584886943,0.10165193287362495,0.11545772947715349,0.11545772947715349
feedback,0.25,2000,7,0.5230924918953535,5.191715977819573,0.19171597781957317,5.260254604247535,0.2602546042475353,0.06853862642796216,0.010741631372122917,0.010741631372122917
feedback,0.25,2000,8,0.44827212531799554,5.128990144724313,0.12899014472431336,5.206226663799355,0.20622666379935506,0.0772365190750417,0.0007183928923089056,0.0007183928923089056
feedback,0.25,2000,9,0.40548273603817603,5.402560974475106,0.4025609744751062,5.3995459701766375,0.3995459701766375,0.003015004298468682,0.24324680746786953,0.24324680746786953
feedback,0.25,2000,10,0.545990059422665,5.16439327966863,0.16439327966863004,5.235329139934982,0.23532913993498195,0.0709358602663519,0.19481984131917773,0.19481984131917773
feedback,0.25,2000,11,0.3080098879442288,5.290676632128385,0.2906766321283847,5.2692646455772865,0.26926464557728647,0.021411986551098217,0.17377412766905564,0.17377412766905564
feedback,0.25,2000,12,0.25550576543843473,5.162457059561851,0.1624570595618513,5.13129589274888,0.13129589274887987,0.03116116681297143,0.06267311272015252,0.06267311272015252
feedback,0.25,2000,13,0.47000578970329615,5.366647833384439,0.3666478333844392,5.341671122868641,0.3416711228686413,0.024976710515797862,0.04290487814242194,0.04290487814242194
feedback,0.25,2000,14,0.19998433399718277,5.342528104207887,0.3425281042078874,5.354482549072049,0.3544825490720491,0.01195444486416175,0.30381332749598844,0.30381332749598844
feedback,0.25,2000,15,0.3861676637011446,5.318577484472626,0.3185774844726259,5.3216728249791885,0.3216728249791885,0.0030953405065625716,0.07429976795679849,0.07429976795679849
feedback,0.25,2000,16,0.4878854739158835,5.378734431271301,0.378734431271301,5.398669071337661,0.39866907133766105,0.019934640066360032,0.21280623154629819,0.21280623154629819
feedback,0.25,2000,17,0.5849609844734053,5.279685832956753,0.2796858329567531,5.273063546986163,0.27306354698616264,0.006622285970590447,0.11696046785227576,0.11696046785227576
feedback,0.25,2000,18,0.42297266872648415,5.323256793460967,0.3232567934609669,5.229707236551212,0.22970723655121184,0.09354955690975508,0.07475922357090603,0.07475922357090603
feedback,0.25,2000,19,0.43739831256635014,5.203832319971356,0.2038323199713563,5.19069305448194,0.1906930544819403,0.013139265489416019,0.03036207306396488,0.03036207306396488
feedback,0.5,2000,0,0.6868741303505997,5.4548684171176465,0.4548684171176465,5.47090938253163,0.47090938253163017,0.0160409654139837,0.014049949927558814,0.014049949927558814
feedback,0.5,2000,1,0.6087934065148471,5.46312677825411,0.46312677825410997,5.4875561198346245,0.48755611983462455,0.024429341580514574,0.18164969893922844,0.18164969893922844
feedback,0.5,2000,2,0.7045378834193106,5.468008888181834,0.46800888818183406,5.428174290650137,0.4281742906501371,0.039834597531696936,0.025711523402464742,0.025711523402464742
feedback,0.5,2000,3,0.7123033412764411,5.49145440421251,0.49145440421250974,5.454809950168361,0.4548099501683609,0.036644454044148844,0.01518744115205628,0.01518744115205628
feedback,0.5,2000,4,0.5508006448341836,5.5748096185207405,0.5748096185207405,5.559390618872341,0.5593906188723414,0.015418999648399101,0.20863944540868395,0.20863944540868395
feedback,0.5,2000,5,0.64699896266445,5.637357459290874,0.6373574592908744,5.631426302051556,0.6314263020515556,0.005931157239318807,0.2234855046045201,0.2234855046045201
feedback,0.5,2000,6,0.7140366452178248,5.60664881397701,0.6066488139770101,5.542394173315243,0.5423941733152429,0.06425464066176723,0.03701204592261931,0.03701204592261931
feedback,0.5,2000,7,0.9112567119373906,5.484668102126154,0.48466810212615385,5.5631613140668925,0.5631613140668925,0.07849321194073866,0.28714063874162754,0.28714063874162754
feedback,0.5,2000,8,0.6112799927906266,5.286009073048606,0.28600907304860623,5.32237972935236,0.3223797293523596,0.03637065630375336,0.06647289234968579,0.06647289234968579
feedback,0.5,2000,9,0.5609452125901333,5.400366630725068,0.40036663072506773,5.368980156464992,0.3689801564649917,0.031386474260076014,0.03353298539086946,0.03353298539086946
feedback,0.5,2000,10,1.0415007220886898,5.753706422915915,0.7537064229159149,5.7988448369635845,0.7988448369635845,0.045138414047669606,0.3548798959893604,0.3548798959893604
feedback,0.5,2000,11,0.4672727450230547,5.373746645088327,0.37374664508832733,5.382674443381514,0.38267444338151435,0.008927798293187017,0.1555454164115737,0.1555454164115737
feedback,0.5,2000,12,0.9327975262608166,5.948448387614642,0.9484483876146417,5.887693700730338,0.8876937007303383,0.06075468688430341,0.011329731839666124,0.011329731839666124
feedback,0.5,2000,13,0.8277501085665525,5.926861424626257,0.9268614246262574,5.904032395894229,0.9040323958942293,0.022829028732028078,0.1181515961625923,0.1181515961625923
feedback,0.5,2000,14,0.8120711994392724,5.6346695941796945,0.6346695941796945,5.640792098895108,0.6407920988951084,0.006122504715413868,0.04903299146016682,0.04903299146016682
feedback,0.5,2000,15,0.9250891178291691,5.871844048200091,0.8718440482000913,5.830646669791803,0.8306466697918031,0.04119737840828819,0.1593583543699193,0.1593583543699193
feedback,0.5,2000,16,0.8981903758438412,5.812843336282926,0.8128433362829259,5.950576022455979,0.9505760224559792,0.13773268617305323,0.16665505685921023,0.16665505685921023
feedback,0.5,2000,17,0.6409057589444732,5.745686990246895,0.7456869902468952,5.7500472833482785,0.7500472833482785,0.004360293101383306,0.2794158497728283,0.2794158497728283
feedback,0.5,2000,18,0.5858921434140018,5.480568242422059,0.4805682424220592,5.3907102396208195,0.3907102396208195,0.08985800280123968,0.05871738030059248,0.05871738030059248
feedback,0.5,2000,19,0.7093598007561831,5.605472946145136,0.6054729461451362,5.537867733739171,0.5378677337391711,0.06760521240596518,0.04942262713666068,0.04942262713666068
feedback,1.0,2000,0,0.8211114614305307,6.459157130153459,1.459157130153459,6.578429134769387,1.5784291347693866,0.11927200461592768,0.8539842598790361,0.8539842598790361
feedback,1.0,2000,1,1.3191415001010975,5.669054039413554,0.6690540394135542,5.670790468899862,0.6707904688998623,0.0017364294863080332,0.9214475626175291,0.9214475626175291
feedback,1.0,2000,2,0.568676587745127,6.647442644016688,1.6474426440166878,6.5482210347318635,1.5482210347318635,0.09922160928482437,1.1998848141121723,1.1998848141121723
feedback,1.0,2000,3,0.44700529223770225,5.7158315272178095,0.7158315272178095,5.706452128738601,0.7064521287386007,0.009379398479208767,0.5353068840467605,0.5353068840467605
feedback,1.0,2000,4,0.9359110015047545,6.192086121422242,1.1920861214222418,6.281104710007739,1.2811047100077388,0.08901858858549705,0.35734352205629083,0.35734352205629083
feedback,1.0,2000,5,0.7003072381062477,6.117168088912882,1.1171680889128819,6.074088833673459,1.0740888336734589,0.04307925523942302,0.5912471679352294,0.5912471679352294
feedback,1.0,2000,6,1.0891019330809026,6.136809291900916,1.1368092919009163,5.984365382408125,0.9843653824081251,0.15244390949279119,0.2177715624035521,0.2177715624035521
feedback,1.0,2000,7,1.012482392386752,6.861299203977435,1.8612992039774348,6.889506221524267,1.8895062215242673,0.028207017546832525,0.8540792610631671,0.8540792610631671
feedback,1.0,2000,8,1.1741128995423564,6.317105193078478,1.3171051930784783,6.394468940642794,1.3944689406427937,0.07736374756431541,0.008363590198886328,0.008363590198886328
feedback,1.0,2000,9,1.0491930214817216,6.529889202045055,1.5298892020450552,6.508347112526581,1.5083471125265806,0.021542089518474583,0.32988909832345037,0.32988909832345037
feedback,1.0,2000,10,0.939138868701293,5.888780528818162,0.8887805288181623,5.981142918931164,0.9811429189311642,0.09236239011300196,0.020951998009381967,0.020951998009381967
feedback,1.0,2000,11,1.4352008270965668,6.802488039411698,1.8024880394116982,6.797427534843463,1.7974275348434627,0.00506050456823548,0.2557635919724275,0.2557635919724275
feedback,1.0,2000,12,0.560013606897851,6.017745583997603,1.0177455839976028,5.933361816719789,0.9333618167197892,0.0843837672778136,0.6020764975302884,0.6020764975302884
feedback,1.0,2000,13,1.2675084055432735,6.584402984099294,1.5844029840992944,6.598779560700876,1.5987795607008763,0.01437657660158198,0.09070064713395887,0.09070064713395887
feedback,1.0,2000,14,0.8867994651338987,5.920269651895311,0.9202696518953113,5.870296690667303,0.8702966906673026,0.04997296122800865,0.08309634964449852,0.08309634964449852
feedback,1.0,2000,15,1.4017786201534064,6.61057890463666,1.61057890463666,6.678874593571458,1.6788745935714582,0.0682956889347981,0.39554082315522443,0.39554082315522443
feedback,1.0,2000,16,0.9938027014054448,5.9937476470092275,0.9937476470092275,6.024064257812866,1.0240642578128663,0.030316610803638788,0.13524891436789233,0.13524891436789233
feedback,1.0,2000,17,1.5080877813324567,6.222002886302037,1.222002886302037,6.217978113877455,1.2179781138774546,0.0040247724245823235,1.1103508752348823,1.1103508752348823
feedback,1.0,2000,18,1.352884598877044,6.759778314754734,1.7597783147547341,6.646435726818846,1.6464357268188463,0.1133425879358878,0.07565644597840482,0.07565644597840482
feedback,1.0,2000,19,1.0661491500139249,6.845941948900855,1.8459419489008546,6.792343563801046,1.7923435638010456,0.053598385099808965,0.6784122239593611,0.6784122239593611
