mu,seed,target,excluded_initial_rounds,included_all_rounds,excluding_initial_rounds,excluded_minus_included,excluded_over_included
0.0,0,Delta_rep_T,3,3241.2021422771504,5512.244970394182,2271.0428281170316,1.700679170389996
0.0,1,Delta_rep_T,3,2786.38359465939,3852.257049671025,1065.873455011635,1.382529331946461
0.0,2,Delta_rep_T,3,4906.540153654059,3483.784917763027,-1422.7552358910325,0.7100288204445936
0.0,3,Delta_rep_T,3,359.93740833888296,538.1108003631234,178.17339202424046,1.4950121546035284
0.0,4,Delta_rep_T,3,554.3792893365026,613.7584919961519,59.37920265964931,1.1071093451754233
0.0,5,Delta_rep_T,3,6601.808904146776,6781.495481964317,179.68657781754155,1.0272177793126782
0.0,6,Delta_rep_T,3,3667.7120714045595,6116.558511976618,2448.846440572059,1.6676768494627952
0.0,7,Delta_rep_T,3,406.2085118269897,1455.410243300139,1049.2017314731493,3.582914195357925
0.0,8,Delta_rep_T,3,1715.2246064908104,3437.411257004249,1722.1866505134385,2.0040589693013278
0.0,9,Delta_rep_T,3,4.427274509624112,1567.4305060377228,1563.0032315280987,354.03960215938855
0.05,0,Delta_rep_T,3,3082.972253046406,5930.892516303225,2847.9202632568195,1.9237579937486229
0.05,1,Delta_rep_T,3,2029.8048732954776,3546.343390039692,1516.5385167442146,1.74713512451177
0.05,2,Delta_rep_T,3,7284.5112766849925,5780.872318320617,-1503.6389583643759,0.7935840990215823
0.05,3,Delta_rep_T,3,1489.8123292166856,2077.766346239834,587.9540170231485,1.3946497189564027
0.05,4,Delta_rep_T,3,1180.2582584319753,2103.436989402224,923.1787309702486,1.7821836656298697
0.05,5,Delta_rep_T,3,8335.373443383665,8199.852769528981,-135.520673854684,0.9837414994330871
0.05,6,Delta_rep_T,3,4111.0930387805565,7353.018239148718,3241.9252003681613,1.7885798666648007
0.05,7,Delta_rep_T,3,2549.4394698807737,3252.7365895079565,703.2971196271828,1.2758634311329906
0.05,8,Delta_rep_T,3,3244.018615611014,4629.876691428362,1385.8580758173484,1.427204107013523
0.05,9,Delta_rep_T,3,1022.8122677265783,196.87839008920128,-825.933877637377,0.19248731786020334
0.1,0,Delta_rep_T,3,841.7539817835204,4426.053933324467,3584.2999515409465,5.258132458068663
0.1,1,Delta_rep_T,3,960.3906810676563,1021.0311377174221,60.64045664976584,1.0631414463355189
0.1,2,Delta_rep_T,3,9845.619321662642,8040.05883622187,-1805.560485440772,0.8166128075388694
0.1,3,Delta_rep_T,3,4299.761456941604,4395.142842118628,95.38138517702464,1.0221829480849547
0.1,4,Delta_rep_T,3,4075.2284449160215,4838.214475170069,762.9860302540474,1.1872253397735033
0.1,5,Delta_rep_T,3,11292.70244861627,10883.023103915271,-409.6793447009986,0.9637217622119143
0.1,6,Delta_rep_T,3,1581.6351266769925,5366.775331941666,3785.1402052646736,3.393181677253991
0.1,7,Delta_rep_T,3,6812.966680176905,6963.498972025991,150.5322918490856,1.022094969624184
0.1,8,Delta_rep_T,3,7321.0168203141075,8497.013170965074,1175.9963506509666,1.160632925659705
0.1,9,Delta_rep_T,3,684.8991247761296,979.5032641615253,294.6041393853957,1.4301423796996262
0.2,0,Delta_rep_T,3,10308.772594411857,7487.22378164425,-2821.548812767607,0.7262963377136574
0.2,1,Delta_rep_T,3,12936.22853482631,12167.802779605961,-768.425755220349,0.9405989347550849
0.2,2,Delta_rep_T,3,22111.83148934797,20171.951146292267,-1939.8803430557018,0.9122695764034648
0.2,3,Delta_rep_T,3,15924.747636558546,15150.36087595555,-774.3867606029962,0.951372117268268
0.2,4,Delta_rep_T,3,16345.535977146123,17603.244890514237,1257.7089133681147,1.076945100798567
0.2,5,Delta_rep_T,3,27250.961453368654,27262.41299849871,11.451545130054,1.0004202253615766
0.2,6,Delta_rep_T,3,9685.37024176569,5340.339299752726,-4345.030942012963,0.5513820500866219
0.2,7,Delta_rep_T,3,23643.41270586569,23286.340600235446,-357.07210563024273,0.9848976072078776
0.2,8,Delta_rep_T,3,21608.85593536694,23008.23199264775,1399.3760572808096,1.0647593774268478
0.2,9,Delta_rep_T,3,13410.975440956594,13894.039693662664,483.06425270606996,1.0360200684009018
0.0,0,Delta_sam_T,3,4885.839363955776,7189.238520392973,2303.3991564371972,1.4714438983463163
0.0,1,Delta_sam_T,3,4389.183200447238,5462.198523054947,1073.015322607709,1.2444681102621493
0.0,2,Delta_sam_T,3,3539.157950990426,2187.7495228766347,-1351.4084281137912,0.6181553785313249
0.0,3,Delta_sam_T,3,1936.5238441337715,1022.8948447779985,-913.628999355773,0.5282118512904501
0.0,4,Delta_sam_T,3,1971.9244541753433,865.3820688469568,-1106.5423853283864,0.43885153258006465
0.0,5,Delta_sam_T,3,5345.603519605182,5478.331021378166,132.7275017729844,1.0248292828463992
0.0,6,Delta_sam_T,3,5402.488338275347,7837.068351979251,2434.580013703904,1.45064049402115
0.0,7,Delta_sam_T,3,1038.2963181042578,28.91864906914998,-1009.3776690351078,0.02785201927899564
0.0,8,Delta_sam_T,3,87.40672431478743,1827.276454058825,1739.8697297440376,20.905444842871056
0.0,9,Delta_sam_T,3,1480.7357978877262,188.44660998356994,-1292.2891879041563,0.1272655191104244
0.05,0,Delta_sam_T,3,5540.529638287728,8006.796028772253,2466.266390484525,1.4451318829596067
0.05,1,Delta_sam_T,3,4864.65188673581,6065.196726181952,1200.5448394461419,1.2467894655976524
0.05,2,Delta_sam_T,3,4599.0000076122815,3498.7937156170374,-1100.206291995244,0.7607727135955255
0.05,3,Delta_sam_T,3,646.0217806129949,547.4450468533905,-98.5767337596044,0.8474095816613687
0.05,4,Delta_sam_T,3,1182.7885225721984,72.03980245726416,-1110.7487201149343,0.0609067479794274
0.05,5,Delta_sam_T,3,5519.4618800985045,5698.681424741575,179.21954464307055,1.0324704742122202
0.05,6,Delta_sam_T,3,6822.642561771674,9601.275525643548,2778.6329638718744,1.407266383767631
0.05,7,Delta_sam_T,3,280.0828847833909,864.6789503659238,584.5960655825329,3.087225237038832
0.05,8,Delta_sam_T,3,148.38474465883337,1919.9173699328676,1771.5326252740342,12.938778675308887
0.05,9,Delta_sam_T,3,3723.4985530217527,2475.935915800859,-1247.5626372208935,0.6649488056847903
0.1,0,Delta_sam_T,3,6572.812283225008,9292.436494968832,2719.6242117438233,1.4137687331623314
0.1,1,Delta_sam_T,3,4785.637451908726,5999.988492696662,1214.3510407879367,1.2537490674943625
0.1,2,Delta_sam_T,3,4809.352990433632,3795.501224147738,-1013.851766285894,0.7891916504563994
0.1,3,Delta_sam_T,3,605.521868642245,607.1665114760981,1.6446428338531405,1.002716075040429
0.1,4,Delta_sam_T,3,466.2344825749751,944.1272823915351,477.89279981656,2.025005265970884
0.1,5,Delta_sam_T,3,5241.625752399676,5377.895002817153,136.26925041747745,1.0259975162009787
0.1,6,Delta_sam_T,3,7095.600673200737,9965.423387054761,2869.822713854024,1.4044509895678055
0.1,7,Delta_sam_T,3,703.4922589944908,2006.3161436939263,1302.8238846994354,2.8519377690972405
0.1,8,Delta_sam_T,3,1164.0775066971546,3145.5647690271726,1981.487262330018,2.7021953013696707
0.1,9,Delta_sam_T,3,5288.965041264251,4344.4536969682085,-944.5113442960428,0.8214184936132096
0.2,0,Delta_sam_T,3,7801.362109470589,10844.791087255639,3043.42897778505,1.390115076710826
0.2,1,Delta_sam_T,3,5215.32733592781,6547.292498181632,1331.9651622538222,1.2553943552263849
0.2,2,Delta_sam_T,3,5451.810925319209,4691.058048138162,-760.7528771810466,0.8604586828849895
0.2,3,Delta_sam_T,3,522.5153579644393,754.0040900090244,231.48873204458505,1.4430276134779936
0.2,4,Delta_sam_T,3,1108.1893895696849,2894.04441185412,1785.855022284435,2.6115070574515165
0.2,5,Delta_sam_T,3,7435.147961832292,8011.032976068149,575.8850142358569,1.0774544120967215
0.2,6,Delta_sam_T,3,8032.045653430687,11188.102819114341,3156.0571656836546,1.3929331706843104
0.2,7,Delta_sam_T,3,2694.612949718954,4302.607304304256,1607.994354585302,1.5967440907433532
0.2,8,Delta_sam_T,3,1530.1945726489648,3632.646100604208,2102.4515279552434,2.3739765945683806
0.2,9,Delta_sam_T,3,6887.347624533868,6253.692276239046,-633.655348294822,0.9079971880557274
0.0,0,V_T,3,1644.6372216785983,1676.9935499987623,32.35632832016404,1.0196738392477458
0.0,1,V_T,3,1602.799605787888,1609.9414733838748,7.141867595986923,1.00445587057184
0.0,2,V_T,3,1367.3822026635876,1296.0353948863558,-71.34680777723179,0.9478223369894299
0.0,3,V_T,3,1576.586435794962,1561.0056451411729,-15.580790653789109,0.9901173888725404
0.0,4,V_T,3,1417.545164838905,1479.1405608431196,61.595396004214535,1.043452157668087
0.0,5,V_T,3,1256.2053845416124,1303.164460586162,46.95907604454965,1.0373816866432912
0.0,6,V_T,3,1734.7762668707628,1720.5098400025818,-14.266426868181043,0.991776215100109
0.0,7,V_T,3,1444.504829931275,1484.3288923692962,39.8240624380212,1.0275693522187226
0.0,8,V_T,3,1627.8178821760598,1610.1348029454384,-17.683079230621388,0.9891369425141203
0.0,9,V_T,3,1476.3085233781603,1378.983896054171,-97.32462732398926,0.9340756855475667
0.05,0,V_T,3,3129.506503523499,2873.8430904291163,-255.66341309438258,0.9183055178806844
0.05,1,V_T,3,3294.4141319254413,3064.5892893433193,-229.82484258212207,0.9302380230964468
0.05,2,V_T,3,2973.9724455119176,2624.626249725239,-349.34619578667844,0.8825321343128502
0.05,3,V_T,3,3110.341511753072,2687.5488391705367,-422.7926725825355,0.864068729756869
0.05,4,V_T,3,2690.569940000696,2420.3309382533225,-270.23900174737355,0.8995606849947548
0.05,5,V_T,3,3239.209477549713,3003.8376179766274,-235.37185957308566,0.9273366353104364
0.05,6,V_T,3,3269.623178792214,2910.9697527585668,-358.65342603364707,0.8903074126829098
0.05,7,V_T,3,2984.442950951024,2572.0258472327987,-412.41710371822546,0.8618110278882013
0.05,8,V_T,3,3254.504715291134,2898.61844914802,-355.88626614311397,0.8906481024682498
0.05,9,V_T,3,3513.4291452251277,3244.1896718786265,-269.2394733465012,0.9233684636240902
0.1,0,V_T,3,6193.423708380473,5415.441482384402,-777.9822259960711,0.8743857577605478
0.1,1,V_T,3,6504.555964210904,5879.709154570202,-624.8468096407014,0.9039370538006426
0.1,2,V_T,3,5595.48144100486,4908.625554933002,-686.8558860718585,0.8772481164822682
0.1,3,V_T,3,5314.813772485894,4274.2937363386445,-1040.5200361472498,0.8042226725734234
0.1,4,V_T,3,5471.6321335695075,4998.663124996896,-472.96900857261153,0.9135597940382622
0.1,5,V_T,3,6379.382014328173,5894.990666355632,-484.39134797254064,0.9240692363485066
0.1,6,V_T,3,5731.637517729373,4857.133520919699,-874.5039968096744,0.8474251042386025
0.1,7,V_T,3,6313.052529884368,5198.931832415627,-1114.1206974687411,0.8235210791934995
0.1,8,V_T,3,6591.1504204889825,5867.074091348422,-724.0763291405601,0.8901441655936533
0.1,9,V_T,3,6688.671836358498,6172.7910696325125,-515.8807667259853,0.9228724656632511
0.2,0,V_T,3,19312.616205910377,19759.9616525581,447.3454466477233,1.0231633788958545
0.2,1,V_T,3,18566.640893572003,18797.591979657784,230.95108608578084,1.012439034470998
0.2,2,V_T,3,16958.471357069862,15835.30341489047,-1123.1679421793924,0.9337695056039852
0.2,3,V_T,3,17338.77416277121,15455.026298241191,-1883.747864530018,0.8913563411781041
0.2,4,V_T,3,15545.843655189827,15075.540746450999,-470.3029087388277,0.9697473537512503
0.2,5,V_T,3,19815.813491536417,19251.380022430516,-564.4334691059012,0.9715160081948199
0.2,6,V_T,3,18900.434011177073,17933.2761315941,-967.1578795829737,0.948828800491511
0.2,7,V_T,3,21618.586885034794,19779.105511485774,-1839.4813735490206,0.9149120438199233
0.2,8,V_T,3,20683.989016464253,20094.412480867126,-589.5765355971271,0.9714959945527031
0.2,9,V_T,3,20853.37054082617,20806.850846862704,-46.519693963466125,0.9977692002416401
0.0,0,Eval_within_step_drift_T,3,1850.769853776088,1962.3350411486026,111.56518737251463,1.0602804217633492
0.0,1,Eval_within_step_drift_T,3,1552.2494863180787,1428.657545866543,-123.59194045153572,0.9203788169743933
0.0,2,Eval_within_step_drift_T,3,1560.3286480294191,1569.5139904196876,9.185342390268488,1.0058867998109686
0.0,3,Eval_within_step_drift_T,3,1667.4890507546493,1573.9955844604228,-93.49346629422644,0.9439315860863288
0.0,4,Eval_within_step_drift_T,3,1558.0701385433786,1717.569434152345,159.49929560896635,1.1023697789100049
0.0,5,Eval_within_step_drift_T,3,1238.849972512334,1188.7290673699645,-50.120905142369566,0.9595423931432742
0.0,6,Eval_within_step_drift_T,3,1658.1776831200573,1516.0137350939149,-142.1639480261424,0.9142649491225547
0.0,7,Eval_within_step_drift_T,3,1499.5115773056016,1455.5606188452803,-43.95095846032132,0.9706898171874774
0.0,8,Eval_within_step_drift_T,3,1429.7334451159052,1437.7831734115716,8.049728295666455,1.0056302301125886
0.0,9,Eval_within_step_drift_T,3,1413.1849017785128,1358.922745946933,-54.262155831579776,0.9616029326641615
0.05,0,Eval_within_step_drift_T,3,3083.518218592376,3029.548137118163,-53.97008147421275,0.9824972393064536
0.05,1,Eval_within_step_drift_T,3,4140.122214258633,3969.10262833042,-171.01958592821302,0.958692140695939
0.05,2,Eval_within_step_drift_T,3,3177.2505907158697,2978.0900323240276,-199.1605583918422,0.9373166979734611
0.05,3,Eval_within_step_drift_T,3,2887.765634684713,2205.5470561065413,-682.2185785781717,0.7637555588361808
0.05,4,Eval_within_step_drift_T,3,3381.166890163857,3139.2658471174873,-241.90104304636952,0.9284563433558742
0.05,5,Eval_within_step_drift_T,3,3111.9727855677575,2745.2596006310596,-366.71318493669787,0.8821605424580236
0.05,6,Eval_within_step_drift_T,3,3148.664640678019,2775.1060632603403,-373.55857741767886,0.881359680992499
0.05,7,Eval_within_step_drift_T,3,3316.0463959943336,3104.517393674563,-211.52900231977037,0.9362104816822557
0.05,8,Eval_within_step_drift_T,3,3103.5296597197826,2717.227921006732,-386.3017387130508,0.8755282594115985
0.05,9,Eval_within_step_drift_T,3,3192.4457234394904,3010.6680833954415,-181.7776400440489,0.9430600687399614
0.1,0,Eval_within_step_drift_T,3,6269.495754278504,5891.838674655064,-377.65707962344004,0.9397627665086599
0.1,1,Eval_within_step_drift_T,3,7000.772319828941,6344.337904212127,-656.4344156168145,0.9062340002462965
0.1,2,Eval_within_step_drift_T,3,5845.080804306539,5429.474607042408,-415.60619726413097,0.9288964154339969
0.1,3,Eval_within_step_drift_T,3,5633.591597564429,4338.642742368098,-1294.9488551963314,0.7701379603455499
0.1,4,Eval_within_step_drift_T,3,5639.564885785157,4889.422095234539,-750.142790550618,0.8669856973467234
0.1,5,Eval_within_step_drift_T,3,5889.398370277461,5158.697798283156,-730.7005719943054,0.8759295048400877
0.1,6,Eval_within_step_drift_T,3,5644.425134681343,4917.7217465338,-726.7033881475427,0.8712528962989659
0.1,7,Eval_within_step_drift_T,3,5958.583335907468,5127.875815519896,-830.707520387572,0.8605864056005422
0.1,8,Eval_within_step_drift_T,3,6587.863772610646,5797.78109239697,-790.0826802136762,0.8800699729860108
0.1,9,Eval_within_step_drift_T,3,6281.78183808496,5904.9697860114975,-376.81205207346284,0.9400151005262647
0.2,0,Eval_within_step_drift_T,3,19237.407563186855,19837.6008956097,600.1933324228448,1.0311992835028037
0.2,1,Eval_within_step_drift_T,3,19473.890232921203,20135.608604360186,661.718371438983,1.0339797730974332
0.2,2,Eval_within_step_drift_T,3,17004.969596082807,16282.229962122845,-722.7396339599618,0.9574983283635833
0.2,3,Eval_within_step_drift_T,3,17494.463403913687,15045.301578052018,-2449.161825861669,0.8600036040365909
0.2,4,Eval_within_step_drift_T,3,16473.87215057042,15518.522495040463,-955.3496555299571,0.9420081904971639
0.2,5,Eval_within_step_drift_T,3,19181.587754292083,18381.33467646423,-800.2530778278524,0.9582801440590449
0.2,6,Eval_within_step_drift_T,3,19326.681318611976,18837.888263024597,-488.79305558737906,0.9747088986707375
0.2,7,Eval_within_step_drift_T,3,19796.691263128803,18298.571606690017,-1498.1196564387865,0.9243247451543065
0.2,8,Eval_within_step_drift_T,3,20452.937369243304,19574.61744997245,-878.3199192708526,0.9570565389501632
0.2,9,Eval_within_step_drift_T,3,20516.30453223029,20727.416608781445,211.11207655115504,1.010289966022853
0.0,0,Mean_abs_delta_y_T,3,29.80246662235645,29.820543367638727,0.018076745282275652,1.0006065519848184
0.0,1,Mean_abs_delta_y_T,3,29.61519462324809,29.608467617787582,-0.006727005460508195,0.9997728529038526
0.0,2,Mean_abs_delta_y_T,3,29.792520314155013,29.797127785143232,0.00460747098821912,1.000154651937454
0.0,3,Mean_abs_delta_y_T,3,29.773860920810726,29.757830933996477,-0.016029986814249497,0.9994616087293186
0.0,4,Mean_abs_delta_y_T,3,29.80758435528601,29.78531434710352,-0.022270008182491807,0.9992528744390338
0.0,5,Mean_abs_delta_y_T,3,29.82049000518797,29.80550729767138,-0.01498270751659092,0.9994975700428134
0.0,6,Mean_abs_delta_y_T,3,29.81001959971837,29.81931311522627,0.00929351550789903,1.0003117581146437
0.0,7,Mean_abs_delta_y_T,3,29.81509522634104,29.8229545080333,0.00785928169225869,1.00026360075769
0.0,8,Mean_abs_delta_y_T,3,29.78905854021492,29.755696502087073,-0.03336203812784788,0.998880057317595
0.0,9,Mean_abs_delta_y_T,3,29.767189932583154,29.719954233288085,-0.047235699295068656,0.9984131622970778
0.05,0,Mean_abs_delta_y_T,3,67.97038640730813,62.736822866070604,-5.2335635412375225,0.9230022982380042
0.05,1,Mean_abs_delta_y_T,3,68.55087444564377,64.85980310927167,-3.6910713363721044,0.9461557366522162
0.05,2,Mean_abs_delta_y_T,3,68.60354962181879,66.68521230651218,-1.9183373153066015,0.9720373460865867
0.05,3,Mean_abs_delta_y_T,3,66.10733408437115,63.075425863700616,-3.0319082206705303,0.954136583139157
0.05,4,Mean_abs_delta_y_T,3,68.24695392947194,66.59023576081626,-1.6567181686556864,0.9757246576840957
0.05,5,Mean_abs_delta_y_T,3,68.8385091691263,67.45350367445684,-1.385005494669457,0.9798803676694
0.05,6,Mean_abs_delta_y_T,3,68.8490758590187,64.8984692347769,-3.9506066242418,0.9426193224099129
0.05,7,Mean_abs_delta_y_T,3,72.46603694133258,68.61169709446952,-3.8543398468630556,0.9468117754254525
0.05,8,Mean_abs_delta_y_T,3,70.75322380133596,68.106021583039,-2.647202218296968,0.962585419065428
0.05,9,Mean_abs_delta_y_T,3,71.68549821663555,69.54466655681804,-2.1408316598175077,0.9701357776248153
0.1,0,Mean_abs_delta_y_T,3,111.9808450736784,99.05824596097284,-12.922599112705555,0.8845999143496098
0.1,1,Mean_abs_delta_y_T,3,113.61433855885826,104.040334108346,-9.574004450512263,0.9157324280372198
0.1,2,Mean_abs_delta_y_T,3,114.09426454044677,108.24217921988864,-5.852085320558132,0.9487083303956655
0.1,3,Mean_abs_delta_y_T,3,108.496538023472,100.02743798625849,-8.469100037213508,0.9219412877913089
0.1,4,Mean_abs_delta_y_T,3,113.23452916453743,107.76688637237177,-5.4676427921656625,0.9517139972011469
0.1,5,Mean_abs_delta_y_T,3,115.31807296589652,110.63979411392029,-4.678278851976231,0.9594315207351778
0.1,6,Mean_abs_delta_y_T,3,114.60653897772814,104.72978048507949,-9.876758492648648,0.9138202882597473
0.1,7,Mean_abs_delta_y_T,3,121.75753961713544,111.88187016868292,-9.875669448452513,0.918890694740495
0.1,8,Mean_abs_delta_y_T,3,118.5264102597271,110.93952242288648,-7.586887836840617,0.9359898960896946
0.1,9,Mean_abs_delta_y_T,3,120.22998623022274,113.7964443440219,-6.433541886200842,0.9464897062045606
0.2,0,Mean_abs_delta_y_T,3,193.94771452084467,170.55002405059417,-23.397690470250495,0.8793608342946686
0.2,1,Mean_abs_delta_y_T,3,197.31245017669502,181.66002732113026,-15.652422855564765,0.9206718945431579
0.2,2,Mean_abs_delta_y_T,3,201.45491438620613,187.74130983314063,-13.713604553065494,0.9319271778757635
0.2,3,Mean_abs_delta_y_T,3,188.32377374760497,168.99501959280084,-19.32875415480413,0.897364237291098
0.2,4,Mean_abs_delta_y_T,3,198.25981887453648,184.99808625069824,-13.261732623838242,0.9331093274516176
0.2,5,Mean_abs_delta_y_T,3,204.3540564397983,191.8546324054439,-12.499424034354405,0.9388344706627506
0.2,6,Mean_abs_delta_y_T,3,201.84362735711534,180.92490446566035,-20.91872289145499,0.8963617372252026
0.2,7,Mean_abs_delta_y_T,3,216.31549697706996,196.25987302558252,-20.055623951487433,0.9072853113542143
0.2,8,Mean_abs_delta_y_T,3,208.8324694995714,193.12147081373814,-15.71099868583326,0.9247674524776641
0.2,9,Mean_abs_delta_y_T,3,213.30347597707495,199.14563187108624,-14.157844105988715,0.9336258162641927
0.0,0,Mean_abs_delta_pred_T,3,25.07534822291339,25.07270507580349,-0.0026431471099002124,0.9998945918084007
0.0,1,Mean_abs_delta_pred_T,3,24.919008326682036,24.943603403136063,0.02459507645402681,1.0009870006114043
0.0,2,Mean_abs_delta_pred_T,3,24.997110367079255,24.968766772707596,-0.02834359437165901,0.9988661251658517
0.0,3,Mean_abs_delta_pred_T,3,25.15885271089565,25.159389455773983,0.0005367448783317741,1.00002133423509
0.0,4,Mean_abs_delta_pred_T,3,24.977855867710264,24.97381480232544,-0.004041065384825515,0.9998382140802546
0.0,5,Mean_abs_delta_pred_T,3,25.04166728635987,25.069629866694008,0.02796258033413679,1.001116642115494
0.0,6,Mean_abs_delta_pred_T,3,24.97896549214885,24.980969952126586,0.0020044599777371275,1.000080245916444
0.0,7,Mean_abs_delta_pred_T,3,25.04616123067665,25.026555244004896,-0.019605986671752618,0.999217205922649
0.0,8,Mean_abs_delta_pred_T,3,24.963184974878533,24.947694382026306,-0.015490592852227536,0.9993794624817379
0.0,9,Mean_abs_delta_pred_T,3,25.03863093202443,25.01173533357186,-0.026895598452568947,0.9989258359003099
0.05,0,Mean_abs_delta_pred_T,3,56.275591396095884,54.17747482457055,-2.098116571525331,0.9627171119934088
0.05,1,Mean_abs_delta_pred_T,3,54.78494794988655,53.11807551267582,-1.6668724372107278,0.9695742626471879
0.05,2,Mean_abs_delta_pred_T,3,55.935102616485196,55.39702369426682,-0.538078922218375,0.9903802997214884
0.05,3,Mean_abs_delta_pred_T,3,55.18188797793673,54.362392807659845,-0.8194951702768876,0.9851492002121321
0.05,4,Mean_abs_delta_pred_T,3,55.37696149544087,55.40134317996848,0.02438168452761147,1.0004402857049066
0.05,5,Mean_abs_delta_pred_T,3,55.180748460788,55.125645307905984,-0.055103152882018946,0.9990014062074353
0.05,6,Mean_abs_delta_pred_T,3,55.94409814576364,54.62462149584232,-1.3194766499213202,0.9764143726746047
0.05,7,Mean_abs_delta_pred_T,3,60.18082637122045,58.38566826203782,-1.7951581091826299,0.9701705972246153
0.05,8,Mean_abs_delta_pred_T,3,56.31734198449488,55.33263007589604,-0.9847119085988396,0.9825149434632418
0.05,9,Mean_abs_delta_pred_T,3,58.76123756261543,58.62195292415302,-0.13928463846240646,0.9976296510379996
0.1,0,Mean_abs_delta_pred_T,3,95.15760907216152,89.30925847408857,-5.848350598072955,0.9385403789029847
0.1,1,Mean_abs_delta_pred_T,3,91.81558153026565,87.00015226073697,-4.8154292695286784,0.9475532454375258
0.1,2,Mean_abs_delta_pred_T,3,95.18765685194158,92.95487893537071,-2.2327779165708677,0.9765434091938642
0.1,3,Mean_abs_delta_pred_T,3,92.5990207202745,89.33641695424805,-3.2626037660264444,0.9647663253817532
0.1,4,Mean_abs_delta_pred_T,3,93.7267733679505,92.39790923586418,-1.3288641320863235,0.9858219366320283
0.1,5,Mean_abs_delta_pred_T,3,93.27847007394193,91.81974990218015,-1.458720171761783,0.9843616627652078
0.1,6,Mean_abs_delta_pred_T,3,95.0353202287228,90.95184846148238,-4.083471767240411,0.9570320617912091
0.1,7,Mean_abs_delta_pred_T,3,103.22215641410523,98.27308711095529,-4.94906930314994,0.9520541957746423
0.1,8,Mean_abs_delta_pred_T,3,95.25647854325935,91.79167513944262,-3.464803403816731,0.9636265852275524
0.1,9,Mean_abs_delta_pred_T,3,100.35986045561816,98.67526055147736,-1.6845999041407964,0.9832144056748089
0.2,0,Mean_abs_delta_pred_T,3,171.23869040534655,158.21270271090913,-13.025987694437418,0.9239308145629762
0.2,1,Mean_abs_delta_pred_T,3,165.6645337032516,156.3946776651496,-9.269856038102006,0.9440444141489769
0.2,2,Mean_abs_delta_pred_T,3,173.65934742796838,167.6554207802252,-6.003926647743185,0.9654269883155381
0.2,3,Mean_abs_delta_pred_T,3,167.0930116061613,159.23371247533998,-7.859299130821313,0.952964525234929
0.2,4,Mean_abs_delta_pred_T,3,170.04576800415848,165.73891224238898,-4.306855761769498,0.9746723731362478
0.2,5,Mean_abs_delta_pred_T,3,171.89382544377133,167.56050958662448,-4.333315857146857,0.9747907416339143
0.2,6,Mean_abs_delta_pred_T,3,174.51107459958402,164.8704981516243,-9.640576447959717,0.9447566495703494
0.2,7,Mean_abs_delta_pred_T,3,189.10242570056687,179.05247560032413,-10.04995010024274,0.9468544622682087
0.2,8,Mean_abs_delta_pred_T,3,174.97883513128426,167.90949865915974,-7.069336472124519,0.9595989053943553
0.2,9,Mean_abs_delta_pred_T,3,184.21832115837722,179.36950389315564,-4.848817265221584,0.9736789629026478
0.0,0,Mean_abs_delta_error_T,3,31.361653888322536,31.361165589107678,-0.0004882992148580456,0.9999844300553601
0.0,1,Mean_abs_delta_error_T,3,31.262242458486842,31.292202762566454,0.029960304079612143,1.0009583542869451
0.0,2,Mean_abs_delta_error_T,3,31.322571657227353,31.283934654119196,-0.038637003108156875,0.9987664804942911
0.0,3,Mean_abs_delta_error_T,3,31.461881478052856,31.477425841523633,0.015544363470777256,1.0004940697358364
0.0,4,Mean_abs_delta_error_T,3,31.309446569540427,31.32499454629573,0.01554797675530395,1.0004965905967316
0.0,5,Mean_abs_delta_error_T,3,31.390769628364307,31.42081220698425,0.03004257861994475,1.0009570513554022
0.0,6,Mean_abs_delta_error_T,3,31.238861104285267,31.268808065189525,0.02994696090425819,1.000958644452635
0.0,7,Mean_abs_delta_error_T,3,31.328989060897253,31.30155004628534,-0.02743901461191456,0.9991241653358626
0.0,8,Mean_abs_delta_error_T,3,31.29232034700587,31.319655299250243,0.027334952244373767,1.0008735354854243
0.0,9,Mean_abs_delta_error_T,3,31.253618900340143,31.185844134333273,-0.06777476600687038,0.9978314586153051
0.05,0,Mean_abs_delta_error_T,3,36.8151089603165,35.45065164383102,-1.3644573164854776,0.9629375722354578
0.05,1,Mean_abs_delta_error_T,3,36.22244101013596,35.03979483444667,-1.1826461756892925,0.967350456161738
0.05,2,Mean_abs_delta_error_T,3,35.71443203659474,34.692688372117004,-1.0217436644777322,0.9713912946051948
0.05,3,Mean_abs_delta_error_T,3,36.423673510381484,35.44980160126088,-0.9738719091206036,0.9732626664127376
0.05,4,Mean_abs_delta_error_T,3,34.97118833494636,34.36672363340651,-0.6044647015398539,0.9827153513986878
0.05,5,Mean_abs_delta_error_T,3,36.08225848671053,35.374206343518736,-0.708052143191793,0.980376723273778
0.05,6,Mean_abs_delta_error_T,3,35.9809994792795,34.56667319419127,-1.4143262850882294,0.9606924125078098
0.05,7,Mean_abs_delta_error_T,3,37.68169623165867,36.25142446350249,-1.4302717681561816,0.9620433284275954
0.05,8,Mean_abs_delta_error_T,3,36.029343591069924,35.00388366305349,-1.0254599280164314,0.9715382012046815
0.05,9,Mean_abs_delta_error_T,3,38.266659309345,37.67426729755387,-0.5923920117911337,0.9845193695377933
0.1,0,Mean_abs_delta_error_T,3,47.543122000776314,43.83365514430549,-3.7094668564708257,0.9219767928490212
0.1,1,Mean_abs_delta_error_T,3,44.744548266628264,41.27960254830927,-3.464945718318994,0.9225616113571707
0.1,2,Mean_abs_delta_error_T,3,44.129339305018995,41.40286753078835,-2.726471774230646,0.9382163472834828
0.1,3,Mean_abs_delta_error_T,3,46.439729421602394,44.03531118117894,-2.4044182404234533,0.9482249730915747
0.1,4,Mean_abs_delta_error_T,3,41.35034924312137,39.21274332897169,-2.137605914149681,0.9483050094309597
0.1,5,Mean_abs_delta_error_T,3,45.93269689297393,43.96635321502592,-1.9663436779480108,0.9571907636399031
0.1,6,Mean_abs_delta_error_T,3,45.04535828533659,41.53847540970402,-3.50688287563257,0.9221477415404608
0.1,7,Mean_abs_delta_error_T,3,48.020121076923054,43.72423623481623,-4.2958848421068225,0.9105398998218834
0.1,8,Mean_abs_delta_error_T,3,45.24814798949837,42.57168395015319,-2.676464039345184,0.9408492024918597
0.1,9,Mean_abs_delta_error_T,3,49.769540983031725,48.03662358455698,-1.732917398474747,0.9651811657442136
0.2,0,Mean_abs_delta_error_T,3,67.92685836330251,61.02964974090777,-6.897208622394743,0.8984612451012314
0.2,1,Mean_abs_delta_error_T,3,64.97892146597418,58.35935130765661,-6.619570158317572,0.8981274233401385
0.2,2,Mean_abs_delta_error_T,3,61.759712070410544,54.785366183100294,-6.97434588731025,0.8870728885627092
0.2,3,Mean_abs_delta_error_T,3,64.94040601310034,57.69770512576524,-7.242700887335104,0.8884715798377663
0.2,4,Mean_abs_delta_error_T,3,57.23457994200339,51.910131842874854,-5.324448099128539,0.9069714828950631
0.2,5,Mean_abs_delta_error_T,3,70.10071805441297,65.35383184960263,-4.7468862048103375,0.9322847705907128
0.2,6,Mean_abs_delta_error_T,3,66.06749063224119,58.24652921890588,-7.820961413335311,0.8816216366250386
0.2,7,Mean_abs_delta_error_T,3,69.41614510709128,58.903192604018756,-10.512952503072526,0.8485517672170683
0.2,8,Mean_abs_delta_error_T,3,69.0079598886602,62.058667069600375,-6.949292819059821,0.899297228460716
0.2,9,Mean_abs_delta_error_T,3,73.6398314851168,69.1476970758406,-4.492134409276204,0.9389985783687718
0.0,0,Mean_abs_delta_loss_T,3,26295.699603933794,26400.255396402164,104.55579246837078,1.003976155570804
0.0,1,Mean_abs_delta_loss_T,3,26253.718004583952,26375.310169975834,121.59216539188128,1.0046314265038823
0.0,2,Mean_abs_delta_loss_T,3,26179.277144185093,26234.945730331834,55.66858614674129,1.0021264370990894
0.0,3,Mean_abs_delta_loss_T,3,26409.798970996064,26559.467548800363,149.66857780429928,1.0056671608128736
0.0,4,Mean_abs_delta_loss_T,3,26246.34634521825,26371.8815935016,125.53524828334776,1.0047829608979544
0.0,5,Mean_abs_delta_loss_T,3,26102.524106591827,26206.420990356804,103.89688376497725,1.0039803385810777
0.0,6,Mean_abs_delta_loss_T,3,26344.97389785325,26503.94051203336,158.9666141801099,1.0060340395400074
0.0,7,Mean_abs_delta_loss_T,3,26170.32768071217,26278.494829191768,108.16714847959884,1.0041331980936303
0.0,8,Mean_abs_delta_loss_T,3,26262.9042486853,26361.507356130933,98.60310744563321,1.0037544631969089
0.0,9,Mean_abs_delta_loss_T,3,26278.556879629672,26324.62097177942,46.06409214974701,1.0017529155942904
0.05,0,Mean_abs_delta_loss_T,3,33785.382127534285,33524.59206006822,-260.7900674660632,0.9922809791974049
0.05,1,Mean_abs_delta_loss_T,3,33927.00421401915,33901.49402612576,-25.510187893392867,0.9992480860457803
0.05,2,Mean_abs_delta_loss_T,3,32800.853989988085,32405.255388391182,-395.5986015969029,0.9879393810381384
0.05,3,Mean_abs_delta_loss_T,3,33329.75975985349,32548.74593351099,-781.0138263425033,0.9765670730311338
0.05,4,Mean_abs_delta_loss_T,3,32234.820011227446,32238.019283695336,3.1992724678893865,1.000099248963288
0.05,5,Mean_abs_delta_loss_T,3,34507.96427595455,34338.24970426527,-169.71457168928464,0.9950818723952504
0.05,6,Mean_abs_delta_loss_T,3,33531.326147969514,33017.72712029435,-513.5990276751618,0.9846830087957538
0.05,7,Mean_abs_delta_loss_T,3,35140.56764251344,34153.08182025744,-987.4858222559997,0.9718989791997177
0.05,8,Mean_abs_delta_loss_T,3,34594.75307221464,34312.93717226709,-281.81589994754904,0.9918537964598483
0.05,9,Mean_abs_delta_loss_T,3,35195.62610558456,35260.145357685426,64.51925210086483,1.0018331610839173
0.1,0,Mean_abs_delta_loss_T,3,47037.862716527554,45847.274944861434,-1190.5877716661198,0.9746887357777889
0.1,1,Mean_abs_delta_loss_T,3,45984.3443366005,45024.95966316061,-959.3846734398903,0.979136710824508
0.1,2,Mean_abs_delta_loss_T,3,43514.34703137417,41999.582397314654,-1514.7646340595165,0.9651893056566525
0.1,3,Mean_abs_delta_loss_T,3,45218.41463129173,42839.04789069181,-2379.366740599922,0.9473805802348194
0.1,4,Mean_abs_delta_loss_T,3,41571.007515167104,40679.13805444096,-891.8694607261423,0.9785458781483527
0.1,5,Mean_abs_delta_loss_T,3,48615.620468272464,47551.54084195707,-1064.079626315397,0.9781123923531977
0.1,6,Mean_abs_delta_loss_T,3,45286.9288174723,43408.711870817584,-1878.216946654713,0.9585262901305405
0.1,7,Mean_abs_delta_loss_T,3,49034.83705922443,45697.998868281175,-3336.8381909432574,0.9319496425181751
0.1,8,Mean_abs_delta_loss_T,3,47923.97006103703,46576.32726899565,-1347.642792041377,0.9718795669406147
0.1,9,Mean_abs_delta_loss_T,3,49699.43884833771,49356.06897319406,-343.3698751436532,0.9930910713863093
0.2,0,Mean_abs_delta_loss_T,3,79983.20321832983,78738.5977376623,-1244.6054806675238,0.9844391643421666
0.2,1,Mean_abs_delta_loss_T,3,76644.4455130731,75053.30073650947,-1591.1447765636258,0.9792399205720363
0.2,2,Mean_abs_delta_loss_T,3,69831.12226546765,66156.21708417119,-3674.905181296461,0.9473743932207467
0.2,3,Mean_abs_delta_loss_T,3,73614.00355569921,67994.45477683017,-5619.548778869037,0.923661959580597
0.2,4,Mean_abs_delta_loss_T,3,66166.01421522845,63815.449017947685,-2350.565197280768,0.9644747348746938
0.2,5,Mean_abs_delta_loss_T,3,82844.63889571039,80228.39432142858,-2616.244574281809,0.9684198686945176
0.2,6,Mean_abs_delta_loss_T,3,74522.0768470445,70066.2461850277,-4455.8306620168005,0.9402079108562376
0.2,7,Mean_abs_delta_loss_T,3,83851.60407302598,76696.0625184799,-7155.5415545460855,0.9146642257634767
0.2,8,Mean_abs_delta_loss_T,3,81998.63857200016,78521.23796995441,-3477.4006020457455,0.9575919714936199
0.2,9,Mean_abs_delta_loss_T,3,86993.63930462935,86591.02923253734,-402.6100720920076,0.9953719596592324
