C_exo,gamma,T,seed,regime,err_T,sum_dt,sum_kappa,traj_gap_traj,traj_gap_abs,traj_emp_risk,traj_pop_risk,traj_emp_risk_excess,traj_pop_risk_excess,pop_mse_initial,pop_mse_final
0.0,0.0,2000,0,iid,0.033873937481217954,0.0,0.0,0.025260370725662895,0.0071304133571432615,4.998725517536342,5.023985888262005,-0.001274482463657911,0.023985888262004984,5.0,5.0011401456254365
0.0,0.0,2000,1,iid,0.06700363177016377,0.0,0.0,0.017227116869097614,0.10937918323547446,5.00018806808902,5.017415184958118,0.00018806808902027683,0.01741518495811789,5.0,5.004583949318279
0.0,0.0,2000,2,iid,0.03399055348409457,0.0,0.0,0.054430703096980615,0.02919883759950359,5.0789423549607395,5.024511651863759,0.07894235496073954,0.02451165186375892,5.0,5.001168911605985
0.0,0.0,2000,3,iid,0.05248085735287468,0.0,0.0,0.03396367468594885,0.060645977455707545,5.061439850977538,5.027476176291589,0.061439850977538235,0.027476176291589383,5.0,5.002802713351479
0.0,0.0,2000,4,iid,0.04980677390465422,0.0,0.0,0.054259022928572875,0.0019827639963869714,4.9637274423505895,5.017986465279162,-0.03627255764941051,0.017986465279162367,5.0,5.002491073984747
0.0,0.0,2000,5,iid,0.06260707005675395,0.0,0.0,0.05686236514833265,0.027684117472972503,5.075998544946548,5.019136179798215,0.07599854494654767,0.019136179798215025,5.0,5.003873326055229
0.0,0.0,2000,6,iid,0.030369806837167848,0.0,0.0,0.08339823435682092,0.02806066768870874,5.101631492224441,5.01823325786762,0.10163149222444101,0.01823325786762009,5.0,5.000934433710168
0.0,0.0,2000,7,iid,0.05976326455863907,0.0,0.0,0.06859959850380193,0.031176943734613438,4.957384976012938,5.02598457451674,-0.04261502398706174,0.02598457451674019,5.0,5.003600915825002
0.0,0.0,2000,8,iid,0.03320326583432837,0.0,0.0,0.08454280048638729,0.010111608124837801,4.9333154070455265,5.017858207531914,-0.06668459295447349,0.017858207531913806,5.0,5.001082455356497
0.0,0.0,2000,9,iid,0.021878681136925267,0.0,0.0,0.04025968944378722,0.010262468687480819,5.0581719667298275,5.01791227728604,0.058171966729827496,0.01791227728604028,5.0,5.0004965584955645
0.0,0.0,2000,10,iid,0.0776975014631357,0.0,0.0,0.0650800767205375,0.08697930550054522,4.965820929268481,5.030901005989018,-0.03417907073151927,0.030901005989018238,5.0,5.006063135445013
0.0,0.0,2000,11,iid,0.04971482383046946,0.0,0.0,0.019045888443895542,0.01543963214386146,5.034626930725353,5.0155810422814575,0.034626930725353056,0.015581042281457513,5.0,5.002461333222628
0.0,0.01,2000,0,endogenous-only,0.17907607726781863,0.0,0.5799589835568911,0.028581190980887072,0.010013011096271285,5.013546732260497,5.0421279232413845,0.013546732260497407,0.04212792324138448,5.0,5.0321609443324045
0.0,0.01,2000,1,endogenous-only,0.0890908502262295,0.0,0.42661343544460223,0.016645649021927333,0.11011612926901915,5.0125433399014225,5.02918898892335,0.012543339901422534,0.029188988923349868,5.0,5.008062081171133
0.0,0.01,2000,2,endogenous-only,0.2019205771195497,0.0,0.5481860465549993,0.0528180250773449,0.004811064874948201,5.093130486430603,5.040312461353258,0.09313048643060284,0.040312461353257945,5.0,5.040928011262528
0.0,0.01,2000,3,endogenous-only,0.10257559885657272,0.0,0.4057005606357229,0.03180456877804527,0.0567252007522443,5.06886710543112,5.037062536653075,0.06886710543111985,0.037062536653074574,5.0,5.01051834082234
0.0,0.01,2000,4,endogenous-only,0.11524347683141749,0.0,0.39271461065439106,0.052722125149892385,0.008437954548321969,4.972950351360509,5.025672476510401,-0.02704964863949133,0.025672476510401054,5.0,5.013219881597623
0.0,0.01,2000,5,endogenous-only,0.12079288815599067,0.0,0.37892990769717994,0.05505302252416655,0.020501514858253245,5.084672645774755,5.029619623250588,0.08467264577475486,0.02961962325058831,5.0,5.014493256846149
0.0,0.01,2000,6,endogenous-only,0.05839090250891998,0.0,0.3029379741740302,0.08446259333769301,0.026595231951236364,5.10605806600156,5.021595472663867,0.10605806600155976,0.021595472663866744,5.0,5.00341293069004
0.0,0.01,2000,7,endogenous-only,0.12908739045983542,0.0,0.5608652150756616,0.06426800039238323,0.025219880171336584,4.974360065161784,5.0386280655541675,-0.025639934838215694,0.038628065554167534,5.0,5.016521020555479
0.0,0.01,2000,8,endogenous-only,0.0703716420424979,0.0,0.33687077148621225,0.08181733688338877,0.0079600632079746,4.939767628464111,5.0215849653474995,-0.06023237153588923,0.02158496534749954,5.0,5.0049258297458445
0.0,0.01,2000,9,endogenous-only,0.094603246015799,0.0,0.39221252648690297,0.04191702158384203,0.00467016612762805,5.063953645153373,5.022036623569531,0.0639536451533731,0.022036623569531066,5.0,5.008807191320483
0.0,0.01,2000,10,endogenous-only,0.10946116080083741,0.0,0.4727805865653567,0.061856709504323426,0.0810463631698477,4.9758985496114,5.037755259115723,-0.02410145038860012,0.037755259115723305,5.0,5.0119328937493774
0.0,0.01,2000,11,endogenous-only,0.14677352394122517,0.0,0.39466102731393976,0.01661516375865535,0.002536449214714409,5.04318383721194,5.026568673453284,0.043183837211939746,0.026568673453284397,5.0,5.021473653447667
0.0,0.02,2000,0,endogenous-only,0.26865815274934945,0.0,1.0477938400814897,0.03869420538941082,0.014008373302685229,5.029746021496834,5.068440226886245,0.02974602149683392,0.06844022688624474,5.0,5.0723533962695475
0.0,0.02,2000,1,endogenous-only,0.10744186584931273,0.0,0.8596196030732698,0.015062308648823297,0.10861184276505753,5.022871957900587,5.03793426654941,0.022871957900586715,0.03793426654941001,5.0,5.011543296464873
0.0,0.02,2000,2,endogenous-only,0.2665591523700697,0.0,0.9878631346131248,0.04420645595064521,0.007069447411776508,5.112151628467627,5.067945172516982,0.11215162846762716,0.06794517251698196,5.0,5.071341114833066
0.0,0.02,2000,3,endogenous-only,0.11474096506544607,0.0,0.809958720751124,0.03468283326695243,0.0611522826974884,5.080277973796102,5.04559514052915,0.08027797379610213,0.0455951405291497,5.0,5.01315345801135
0.0,0.02,2000,4,endogenous-only,0.16484573444182699,0.0,0.8410585973274826,0.051987046452080854,0.01473418283414496,4.983166008270331,5.035153054722412,-0.01683399172966915,0.0351530547224117,5.0,5.027252885873971
0.0,0.02,2000,5,endogenous-only,0.1460567529276638,0.0,0.816647208727,0.058313262005976974,0.015219717617949158,5.09610416448161,5.037790902475633,0.09610416448161008,0.037790902475633104,5.0,5.021423124232872
0.0,0.02,2000,6,endogenous-only,0.1075199409549194,0.0,0.6567451899300811,0.08589719947903962,0.022882641036265028,5.1104322127462405,5.024535013267201,0.11043221274624049,0.024535013267200867,5.0,5.011532990367271
0.0,0.02,2000,7,endogenous-only,0.21365533165950937,0.0,1.1582956815526353,0.05803318992858664,0.02918607503566939,5.0082505223481055,5.066283712276692,0.008250522348105527,0.06628371227669216,5.0,5.045545268586533
0.0,0.02,2000,8,endogenous-only,0.04709158969225968,0.0,0.664258719113318,0.07841255682180392,0.017817049238150418,4.948528163542434,5.026940720364238,-0.0514718364575657,0.026940720364238224,5.0,5.0022057626108
0.0,0.02,2000,9,endogenous-only,0.16545453263311027,0.0,0.8213211813255028,0.04738360900535454,0.0033752749956921235,5.079589319042291,5.032205710036936,0.07958931904229072,0.032205710036936175,5.0,5.0270984642954115
0.0,0.02,2000,10,endogenous-only,0.14288695547585376,0.0,0.9348508350039183,0.05689770945529293,0.0722514092854345,4.988882905999397,5.04578061545469,-0.011117094000603345,0.04578061545468959,5.0,5.020413043661025
0.0,0.02,2000,11,endogenous-only,0.10483775937359634,0.0,0.7708719391218684,0.01667662190321373,0.020734666304012883,5.05457243608201,5.037895814178796,0.0545724360820099,0.03789581417879617,5.0,5.011048254793826
0.0,0.04,2000,0,endogenous-only,0.2065775620938195,0.0,1.8504672326371299,0.04502724529806201,0.029500564605779545,5.02867741440689,5.073704659704952,0.0286774144068902,0.07370465970495221,5.0,5.042362835008267
0.0,0.04,2000,1,endogenous-only,0.2776913693430581,0.0,1.6744354108137802,0.020852805656081053,0.07047096588996649,5.038584864571773,5.059437670227854,0.03858486457177257,0.05943767022785362,5.0,5.077130634970015
0.0,0.04,2000,2,endogenous-only,0.1552890968243874,0.0,1.8390843965909704,0.03945167813548345,0.0626682051254317,5.122756908337441,5.083305230201957,0.12275690833744068,0.08330523020195724,5.0,5.024115947202743
0.0,0.04,2000,3,endogenous-only,0.22990714131742288,0.0,1.6613713169181623,0.03617349855459828,0.03910380238824107,5.1015988456392245,5.065425347084626,0.1015988456392245,0.06542534708462622,5.0,5.052850673966733
0.0,0.04,2000,4,endogenous-only,0.26017959547377156,0.0,1.6421728657089054,0.05698406120353017,0.031360882685409486,5.002732541188963,5.059716602392493,0.0027325411889629336,0.0597166023924931,5.0,5.068143101493963
0.0,0.04,2000,5,endogenous-only,0.15864590158747244,0.0,1.7128147592204361,0.06479392717218158,0.03964421277345043,5.1260554184517755,5.061261491279594,0.12605541845177548,0.061261491279593905,5.0,5.025367755089889
0.0,0.04,2000,6,endogenous-only,0.1964618511897348,0.0,1.5824745251556294,0.09237252803198448,0.015318254278724908,5.136483076590517,5.044110548558533,0.13648307659051717,0.04411054855853269,5.0,5.03861448384098
0.0,0.04,2000,7,endogenous-only,0.24917731767045792,0.0,2.3689229991134653,0.07257103299379075,0.06405162094741446,5.050173840825742,5.122744873819533,0.05017384082574239,0.12274487381953314,5.0,5.062089495450912
0.0,0.04,2000,8,endogenous-only,0.16425898185189827,0.0,1.488719387048971,0.07218488513245713,0.0040001151298856286,4.968987495471635,5.041172380604092,-0.031012504528365348,0.041172380604091785,5.0,5.026917934773469
0.0,0.04,2000,9,endogenous-only,0.15250000544800715,0.0,1.814524212705573,0.051177540380551,0.03212777398894762,5.121597462690296,5.070419922309745,0.12159746269029625,0.07041992230974525,5.0,5.023194194752465
0.0,0.04,2000,10,endogenous-only,0.2055356519189986,0.0,1.8733088288965083,0.060583444166419476,0.07974624929238239,5.009501216339948,5.070084660506367,0.009501216339947938,0.07008466050636741,5.0,5.0423282638557785
0.0,0.04,2000,11,endogenous-only,0.17712675924466836,0.0,1.5902009295156085,0.020281322668175505,0.015163872296760417,5.074228126843984,5.053946804175808,0.07422812684398394,0.05394680417580844,5.0,5.031541902065317
0.0,0.08,2000,0,endogenous-only,0.1855327146257881,0.0,3.3999627767135525,0.023393155122359843,0.05927276626794331,5.079346529350123,5.102739684472483,0.07934652935012299,0.10273968447248283,5.0,5.034975380543844
0.0,0.08,2000,1,endogenous-only,0.31680491050505166,0.0,3.0013736044148276,0.014592903087017994,0.06806996780032737,5.066625652534675,5.081218555621693,0.06662565253467534,0.08121855562169333,5.0,5.1004033961823145
0.0,0.08,2000,2,endogenous-only,0.19486787935717836,0.0,3.2896250064289987,0.046765853851936434,0.06814404180642608,5.155486404349739,5.108720550497803,0.15548640434973926,0.10872055049780283,5.0,5.038264782652867
0.0,0.08,2000,3,endogenous-only,0.19542476419191102,0.0,2.7533644523470002,0.026740414666950763,0.08287466440434255,5.104043887538342,5.0773034728713915,0.10404388753834226,0.0773034728713915,5.0,5.03817979933066
0.0,0.08,2000,4,endogenous-only,0.2015710462217617,0.0,3.4678816814934286,0.04194019453461095,0.03620043522472205,5.044891088709185,5.086831283243796,0.04489108870918468,0.08683128324379563,5.0,5.040773514817154
0.0,0.08,2000,5,endogenous-only,0.5218561061636645,0.0,3.5803087391988093,0.05252501323689707,0.14171544535476865,5.165198902413445,5.1126738891765475,0.1651989024134446,0.11267388917654753,5.0,5.2727526669979214
0.0,0.08,2000,6,endogenous-only,0.35097895179704947,0.0,3.8367980263272115,0.08117120400432398,0.004451240626456077,5.212149795412257,5.130978591407933,0.2121497954122571,0.1309785914079331,5.0,5.123411923766172
0.0,0.08,2000,7,endogenous-only,0.39292471769475446,0.0,3.8961071534459832,0.10642084967991838,0.00715842142103984,5.058244988813781,5.1646658384937,0.05824498881378126,0.16466583849369965,5.0,5.154469540322922
0.0,0.08,2000,8,endogenous-only,0.37034231044744326,0.0,3.2560096750792007,0.07181380140088933,0.05791567778199713,5.039129716333722,5.110943517734611,0.03912971633372209,0.11094351773461142,5.0,5.137801425227835
0.0,0.08,2000,9,endogenous-only,0.5507965675225547,0.0,4.066965585664061,0.016937090773624597,0.1505490070305351,5.1776893579279255,5.160752267154301,0.1776893579279255,0.1607522671543009,5.0,5.303858058684067
0.0,0.08,2000,10,endogenous-only,0.23120672842496,0.0,4.3805938178991655,0.028126639258670316,0.012366857257557484,5.112341929654987,5.140468568913657,0.11234192965498657,0.1404685689136569,5.0,5.0537227857858475
0.0,0.08,2000,11,endogenous-only,0.30734421260128897,0.0,2.99973707930448,0.013198617368837873,0.005810375654277777,5.087447044373539,5.074248427004701,0.08744704437353867,0.0742484270047008,5.0,5.094074791608437
2.0,0.0,2000,0,exogenous-only,0.042112785491842684,1.9999999999989522,0.0,0.04934206233582028,0.060637006866691934,4.966918000545653,5.016260062881473,-0.03308199945434698,0.016260062881473303,5.0,5.001744606050582
2.0,0.0,2000,1,exogenous-only,0.07134768815267983,1.9999999999989304,0.0,0.10119467259838011,0.012236075806716151,4.9173884736262,5.0185831462245805,-0.08261152637379965,0.01858314622458046,5.0,5.005184048804492
2.0,0.0,2000,2,exogenous-only,0.04447883949457835,1.9999999999989346,0.0,0.07680931969199012,0.024473955490806,4.938905427705499,5.015714747397489,-0.061094572294501326,0.015714747397488793,5.0,5.0020385276292245
2.0,0.0,2000,3,exogenous-only,0.04596138535195258,1.9999999999989573,0.0,0.096383660071373,0.0502834546113462,4.9158839336153415,5.0122675936867145,-0.08411606638465852,0.012267593686714484,5.0,5.002040826857222
2.0,0.0,2000,4,exogenous-only,0.06935663919641094,1.9999999999989304,0.0,0.031697262096379575,0.012975845080597459,5.048613741175448,5.016916479079068,0.0486137411754477,0.016916479079068125,5.0,5.004741991564703
2.0,0.0,2000,5,exogenous-only,0.04319924601119897,1.999999999998943,0.0,0.08873123891159196,0.04687672964002676,5.1109770397458885,5.0222458008342965,0.11097703974588846,0.022245800834296503,5.0,5.001923211383178
2.0,0.0,2000,6,exogenous-only,0.04776884916255142,1.9999999999989406,0.0,0.06402065476556285,0.005373613337646077,5.086705943182628,5.022685288417065,0.08670594318262825,0.022685288417065408,5.0,5.002282539923471
2.0,0.0,2000,7,exogenous-only,0.06051607732499932,1.9999999999989215,0.0,0.10566450352227097,0.00023388821920722336,4.927628541520003,5.033293045042274,-0.0723714584799966,0.03329304504227437,5.0,5.003685267727884
2.0,0.0,2000,8,exogenous-only,0.051471762525197515,1.9999999999989235,0.0,0.007746855484509041,0.03743600682635684,5.0192060205154485,5.0269528759999575,0.019206020515448508,0.02695287599995755,5.0,5.002575597818798
2.0,0.0,2000,9,exogenous-only,0.06487220449765514,1.999999999998939,0.0,0.04248308349291641,0.038296788926781566,5.059797735031409,5.017314651538492,0.05979773503140873,0.01731465153849232,5.0,5.004096469490121
2.0,0.0,2000,10,exogenous-only,0.07290801928300292,1.9999999999989275,0.0,0.14020105461184507,0.03404144017229349,5.161717938727568,5.021516884115723,0.161717938727568,0.021516884115722945,5.0,5.005420135883973
2.0,0.0,2000,11,exogenous-only,0.05550553335048443,1.9999999999989424,0.0,0.05819066746513002,0.005598560918504525,4.96469680506435,5.02288747252948,-0.03530319493564971,0.022887472529480313,5.0,5.0031085150131664
2.0,0.01,2000,0,mixed,0.09663900704802976,1.9999999999989522,0.36812278704755874,0.0482838599664932,0.07435036706788267,4.973820813751943,5.022104673718436,-0.02617918624805693,0.022104673718436274,5.0,5.009351320533326
2.0,0.01,2000,1,mixed,0.09715658136283363,1.9999999999989304,0.38366849214658466,0.10038168661772406,0.009821622750902925,4.927587903645786,5.02796959026351,-0.0724120963542143,0.027969590263509758,5.0,5.009492360827482
2.0,0.01,2000,2,mixed,0.09879039046500739,1.9999999999989346,0.43055760997410253,0.07584244980313493,0.02666729447619076,4.956868792458008,5.032711242261143,-0.04313120754199229,0.03271124226114264,5.0,5.009919839712595
2.0,0.01,2000,3,mixed,0.036269914165199146,1.9999999999989573,0.3366550964290586,0.0940078446813386,0.051316723028199895,4.923708387623745,5.017716232305084,-0.07629161237625492,0.01771623230508368,5.0,5.001240688356697
2.0,0.01,2000,4,mixed,0.0968595879328194,1.9999999999989304,0.34654260309591595,0.029760998965588037,0.01651362821393576,5.054329061918128,5.0245680629525395,0.054329061918127586,0.02456806295253955,5.0,5.009376960198796
2.0,0.01,2000,5,mixed,0.10230581246873278,1.999999999998943,0.43251615497487506,0.08537249088059351,0.040941998911477206,5.116863585218936,5.031491094338342,0.11686358521893592,0.03149109433834241,5.0,5.010569948809177
2.0,0.01,2000,6,mixed,0.09141145373843612,1.9999999999989406,0.4867875004985015,0.06651378095462235,0.006023433054639149,5.100884037707493,5.0343702567528705,0.10088403770749288,0.03437025675287053,5.0,5.008347799995753
2.0,0.01,2000,7,mixed,0.12853716044788213,1.9999999999989215,0.604378680598734,0.10160296855681761,0.0014813136116043069,4.947163520854474,5.048766489411292,-0.05283647914552603,0.04876648941129158,5.0,5.016688809035893
2.0,0.01,2000,8,mixed,0.1555306689892593,1.9999999999989235,0.46674359031431945,0.010204017387936304,0.029864259532654813,5.034919755815741,5.045123773203677,0.03491975581574103,0.04512377320367733,5.0,5.0239757100639855
2.0,0.01,2000,9,mixed,0.1141590772875961,1.999999999998939,0.37902020831159955,0.03943194897888791,0.031673805856151205,5.068823519110898,5.02939157013201,0.06882351911089835,0.029391570132010436,5.0,5.012901032189984
2.0,0.01,2000,10,mixed,0.08648110907964014,1.9999999999989275,0.4708840317966324,0.14347151665732572,0.028593077163085567,5.175762599150477,5.032291082493152,0.17576259915047743,0.03229108249315171,5.0,5.007498541842981
2.0,0.01,2000,11,mixed,0.11347489154845199,1.9999999999989424,0.45118133966729407,0.054162181995852876,0.013077848353343136,4.977148191924811,5.031310373920664,-0.02285180807518916,0.031310373920663714,5.0,5.0128799905146995
2.0,0.02,2000,0,mixed,0.12190657044992038,1.9999999999989522,0.6685870410367516,0.04402187121028245,0.07597091315948834,4.981417524485094,5.0254393956953765,-0.018582475514905994,0.025439395695376454,5.0,5.014841426452582
2.0,0.02,2000,1,mixed,0.1355915521931257,1.9999999999989304,0.8680364179778234,0.09464773982967678,0.006996568432017902,4.9432117241079725,5.037859463937649,-0.05678827589202751,0.037859463937649274,5.0,5.018641058764562
2.0,0.02,2000,2,mixed,0.10096143761638092,1.9999999999989346,0.9362022026432071,0.07849310557937628,0.031139126954317753,4.968258000270443,5.046751105849819,-0.03174199972955716,0.04675110584981912,5.0,5.010120085050149
2.0,0.02,2000,3,mixed,0.12074068406759987,1.9999999999989573,0.6891333889413938,0.08980105476043665,0.041500909545961306,4.933466143193759,5.023267197954196,-0.0665338568062408,0.02326719795419585,5.0,5.014403400849345
2.0,0.02,2000,4,mixed,0.15780345299398535,1.9999999999989304,0.6881880061819885,0.03178585669084377,0.025387057662475954,5.060086153378569,5.028300296687725,0.060086153378568596,0.028300296687724824,5.0,5.025068726990938
2.0,0.02,2000,5,mixed,0.12116263194792165,1.999999999998943,0.8742298964151891,0.08654056101952712,0.04716084381396701,5.1262022254663275,5.0396616644468,0.12620222546632753,0.039661664446800415,5.0,5.01472964795868
2.0,0.02,2000,6,mixed,0.23763031113726332,1.9999999999989406,1.0464178224171912,0.06224314080530391,0.03413285634256358,5.115423226790106,5.053180085984802,0.11542322679010564,0.05318008598480173,5.0,5.056579263406337
2.0,0.02,2000,7,mixed,0.15646307817525384,1.9999999999989215,1.1149204715312742,0.10247469588766123,0.01904601916964843,4.969924996323068,5.0723996922107295,-0.030075003676931722,0.0723996922107295,5.0,5.024832733841733
2.0,0.02,2000,8,mixed,0.07253268827477496,1.9999999999989235,0.9380265809433884,0.014788583284229162,0.05849682456084704,5.0446798617603275,5.059468445044557,0.044679861760327455,0.05946844504455662,5.0,5.005221846829898
2.0,0.02,2000,9,mixed,0.14127407559869232,1.999999999998939,0.7573476369653424,0.03839096462095881,0.030080565897761424,5.074839207756656,5.036448243135697,0.0748392077566562,0.03644824313569739,5.0,5.020057997844429
2.0,0.02,2000,10,mixed,0.1440543775507108,1.9999999999989275,0.9869645550918408,0.15252994665641584,0.02228510676316464,5.200398904708436,5.04786895805202,0.20039890470843602,0.04786895805202018,5.0,5.020708326351503
2.0,0.02,2000,11,mixed,0.1315633367284189,1.9999999999989424,0.9201702201107603,0.04962223979542291,0.003795449366532644,4.996025590679217,5.04564783047464,-0.003974409320782968,0.04564783047463994,5.0,5.01754459986642
2.0,0.04,2000,0,mixed,0.15867073531633077,1.9999999999989522,1.411623275526851,0.03441637444423318,0.06783108182550901,5.003727507121401,5.0381438815656345,0.003727507121401352,0.03814388156563453,5.0,5.024878127613438
2.0,0.04,2000,1,mixed,0.16089534793529134,1.9999999999989304,1.9405783615320087,0.09531034589825449,0.04869450036748457,4.983471068138795,5.078781414037049,-0.016528931861205187,0.0787814140370493,5.0,5.026199264930081
2.0,0.04,2000,2,mixed,0.3305132829419792,1.9999999999989346,1.810485167549146,0.08729832505425072,0.04165349368784632,4.989089201255386,5.076387526309636,-0.010910798744614425,0.0763875263096363,5.0,5.108955560712465
2.0,0.04,2000,3,mixed,0.14775951392854741,1.9999999999989573,1.3648224410436771,0.08548921573103385,0.04700655897546113,4.9530631058176935,5.038552321548727,-0.04693689418230651,0.03855232154872734,5.0,5.021701521054273
2.0,0.04,2000,4,mixed,0.20101680823526508,1.9999999999989304,1.2963995133900887,0.032868004893693126,0.02804458962445988,5.07673789111174,5.043869886218046,0.07673789111173956,0.04386988621804644,5.0,5.040758173237582
2.0,0.04,2000,5,mixed,0.1178760722585952,1.999999999998943,1.8810047580151927,0.09882460219787337,0.07883824843225185,5.168656460702763,5.06983185850489,0.1686564607027634,0.06983185850489004,5.0,5.0139591695593655
2.0,0.04,2000,6,mixed,0.1987428830948186,1.9999999999989406,1.9113479927534174,0.05299429815293344,0.020715965748206777,5.143987214222388,5.090992916069455,0.14398721422238836,0.09099291606945492,5.0,5.039847190715705
2.0,0.04,2000,7,mixed,0.3534768398861065,1.9999999999989215,2.0631130060511294,0.11671817581593302,0.05090058522202323,4.978835327322086,5.095553503138019,-0.021164672677913998,0.09555350313801902,5.0,5.125089698382057
2.0,0.04,2000,8,mixed,0.2159797296592972,1.9999999999989235,1.9038118127328685,0.007720844539699456,0.027458932575826545,5.061881640135741,5.069602484675441,0.06188164013574138,0.06960248467544083,5.0,5.0468414707658384
2.0,0.04,2000,9,mixed,0.18525463979616308,1.999999999998939,1.4372886223545285,0.04119150645122982,0.03709915271075648,5.090377274267042,5.049185767815812,0.09037727426704212,0.0491857678158123,5.0,5.0344174518313105
2.0,0.04,2000,10,mixed,0.22310520570151376,1.9999999999989275,2.1742018391745543,0.15075787301974675,0.02202522261934181,5.231219407752809,5.080461534733062,0.2312194077528087,0.08046153473306195,5.0,5.049878614247383
2.0,0.04,2000,11,mixed,0.17731224845328447,1.9999999999989424,2.165495618972586,0.04013700189043323,0.016222168866085518,5.05001913284255,5.090156134732983,0.05001913284255011,0.09015613473298334,5.0,5.030886927097697
2.0,0.08,2000,0,mixed,0.44858426803616935,1.9999999999989522,3.200556717593474,0.04634765588980816,0.205201192145692,5.057593997705178,5.103941653594986,0.05759399770517781,0.10394165359498597,5.0,5.200614148396704
2.0,0.08,2000,1,mixed,0.3799391568633203,1.9999999999989304,3.844230051381211,0.10729119672249787,0.04138397644754832,5.023162355275244,5.130453551997742,0.023162355275244018,0.1304535519977419,5.0,5.143729284522787
2.0,0.08,2000,2,mixed,0.245108936859464,1.9999999999989346,3.196666481351426,0.09022935963271372,0.034323650156995456,4.995310552457175,5.085539912089889,-0.004689447542824965,0.08553991208988876,5.0,5.059881832132922
2.0,0.08,2000,3,mixed,0.3021872156029849,1.9999999999989573,3.018536725394669,0.08853462064017048,0.022009376454592555,4.9861669279881875,5.074701548628358,-0.013833072011812497,0.07470154862835798,5.0,5.090316115800632
2.0,0.08,2000,4,mixed,0.2681533484770902,1.9999999999989304,2.8155395323000896,0.03726069425958212,0.03751351739608921,5.101870588803779,5.064609894544197,0.10187058880377897,0.06460989454419686,5.0,5.071106411049973
2.0,0.08,2000,5,mixed,0.47486093464510576,1.999999999998943,3.9680653263206365,0.09216037052063264,0.07047711959899772,5.235424606260618,5.143264235739985,0.23542460626061779,0.14326423573998515,5.0,5.225588016320662
2.0,0.08,2000,6,mixed,0.25319632060734,1.9999999999989406,3.700835370717693,0.07029137780161765,0.00782001886439776,5.1781562859273365,5.107864908125719,0.17815628592733646,0.1078649081257188,5.0,5.063632405464664
2.0,0.08,2000,7,mixed,0.32034875799880397,1.9999999999989215,3.1547279914398807,0.12076168012829935,0.01952217422749669,4.980497099883947,5.101258780012246,-0.019502900116052935,0.10125878001224642,5.0,5.102662624033628
2.0,0.08,2000,8,mixed,0.2454903114592078,1.9999999999989235,3.820359082807138,0.0042308606019636485,0.0639000118346571,5.116420808382141,5.112189947780178,0.11642080838214142,0.11218994778017777,5.0,5.059933604093498
2.0,0.08,2000,9,mixed,0.2856228608610755,1.999999999998939,2.964371456963875,0.04528794021522842,0.028794350649737233,5.122697652472423,5.077409712257195,0.12269765247242326,0.07740971225719484,5.0,5.081873038023004
2.0,0.08,2000,10,mixed,0.436407917208387,1.9999999999989275,4.552203678484792,0.14913339740514342,0.08090300694721275,5.3156755182388125,5.166542120833669,0.31567551823881246,0.16654212083366904,5.0,5.190833438083852
2.0,0.08,2000,11,mixed,0.5291652217638718,1.9999999999989424,4.558754753316598,0.061711370406594135,0.08300839195184295,5.19271210286076,5.254423473267354,0.19271210286076013,0.25442347326735426,5.0,5.279653821946046
4.0,0.0,2000,0,exogenous-only,0.05495557282235573,3.9999999999979043,0.0,0.048732768263691106,0.06041548385396922,4.969117242856406,5.017850011120097,-0.03088275714359412,0.017850011120096987,5.0,5.002993958196881
4.0,0.0,2000,1,exogenous-only,0.09156722199184408,3.999999999997861,0.0,0.10135133445302458,0.007980264803459924,4.917434883008472,5.018786217461496,-0.08256511699152824,0.018786217461496335,5.0,5.008596087815848
4.0,0.0,2000,2,exogenous-only,0.05975986233307185,3.9999999999978693,0.0,0.07764398820466756,0.02416277617917917,4.939344184934392,5.01698817313906,-0.06065581506560758,0.01698817313905998,5.0,5.00375772326779
4.0,0.0,2000,3,exogenous-only,0.0595295437495054,3.9999999999979146,0.0,0.09594361295844589,0.05038839160210529,4.916276818862845,5.012220431821291,-0.08372318113715504,0.012220431821290845,5.0,5.003414622907915
4.0,0.0,2000,4,exogenous-only,0.08227737959639186,3.999999999997861,0.0,0.032185674380658114,0.012997595384905303,5.049923029483975,5.017737355103317,0.04992302948397498,0.017737355103316865,5.0,5.006623021575596
4.0,0.0,2000,5,exogenous-only,0.057414119760551316,3.999999999997886,0.0,0.09043149790053118,0.047268913766163934,5.113801436377919,5.023369938477388,0.11380143637791917,0.023369938477387997,5.0,5.00326273470262
4.0,0.0,2000,6,exogenous-only,0.05716627350219184,3.9999999999978813,0.0,0.0642745761013579,0.006023723488373989,5.087594456284205,5.023319880182847,0.08759445628420526,0.023319880182847363,5.0,5.0032996395459275
4.0,0.0,2000,7,exogenous-only,0.0860294813689045,3.999999999997843,0.0,0.10493368573413875,0.002597839802435331,4.930125661450776,5.035059347184915,-0.06987433854922376,0.03505934718491499,5.0,5.007417778192701
4.0,0.0,2000,8,exogenous-only,0.06329547171451183,3.999999999997847,0.0,0.009348063658525696,0.03641191359726026,5.018173504651286,5.027521568309812,0.018173504651286088,0.027521568309811784,5.0,5.003917244725005
4.0,0.0,2000,9,exogenous-only,0.07128897868518012,3.999999999997878,0.0,0.042022421510047536,0.038194860115190465,5.05981010113366,5.017787679623613,0.059810101133660254,0.017787679623612718,5.0,5.0049157542413
4.0,0.0,2000,10,exogenous-only,0.08686774199204231,3.999999999997855,0.0,0.1405220155144562,0.036317831062631534,5.162937112927008,5.022415097412551,0.16293711292700763,0.022415097412551432,5.0,5.007782297363338
4.0,0.0,2000,11,exogenous-only,0.08185886359834289,3.999999999997885,0.0,0.05918037018670752,0.008388706958342595,4.96555356090378,5.024733931090488,-0.034446439096219805,0.024733931090487715,5.0,5.0066905103652415
4.0,0.01,2000,0,mixed,0.11905457805535741,3.9999999999979043,0.4037831284550024,0.04843468931160544,0.07835770998509783,4.976900273046087,5.025334962357692,-0.02309972695391327,0.02533496235769217,5.0,5.01413036311963
4.0,0.01,2000,1,mixed,0.10690262044205519,3.999999999997861,0.3719101677366368,0.10095046788312612,0.00871679886752652,4.926934353495393,5.027884821378519,-0.0730656465046069,0.02788482137851922,5.0,5.011531708848155
4.0,0.01,2000,2,mixed,0.09583942325399714,3.9999999999978693,0.44016752239422585,0.07650311619234618,0.028327590676633818,4.957252250479733,5.03375536667208,-0.04274774952026661,0.03375536667207957,5.0,5.00952001872818
4.0,0.01,2000,3,mixed,0.04584878418429367,3.9999999999979146,0.3258577519268571,0.09411145684264977,0.050349947434949804,4.923422880418586,5.017534337261235,-0.07657711958141444,0.017534337261235322,5.0,5.001925412297392
4.0,0.01,2000,4,mixed,0.09929343339587587,3.999999999997861,0.34897928057291644,0.030022839116921496,0.01601740520669548,5.055802718944476,5.025779879827555,0.055802718944476304,0.025779879827554808,5.0,5.009859626927918
4.0,0.01,2000,5,mixed,0.08284529073215739,3.999999999997886,0.45144701904811174,0.0861884584519883,0.04532296800433322,5.118360592992636,5.032172134540648,0.11836059299263635,0.032172134540648045,5.0,5.006960825104361
4.0,0.01,2000,6,mixed,0.09615885848113384,3.9999999999978813,0.48965683844882907,0.06763085181166328,0.006339480644445672,5.102093001230995,5.034462149419332,0.10209300123099485,0.03446214941933157,5.0,5.009172592920873
4.0,0.01,2000,7,mixed,0.12188830967721426,3.999999999997843,0.6385363771316706,0.10039728733877862,0.0024851872922573293,4.950183535677041,5.05058082301582,-0.04981646432295861,0.05058082301582001,5.0,5.014949053527156
4.0,0.01,2000,8,mixed,0.15493559949864585,3.999999999997847,0.4574062451495929,0.011855279156712584,0.030230719806070283,5.033555043183141,5.045410322339854,0.03355504318314129,0.04541032233985387,5.0,5.023613687982858
4.0,0.01,2000,9,mixed,0.10500946406761706,3.999999999997878,0.3720996140188523,0.03940148642350483,0.03459535533929792,5.0687096552775435,5.029308168854039,0.06870965527754347,0.02930816885403864,5.0,5.010770872824361
4.0,0.01,2000,10,mixed,0.0758123520982843,3.999999999997855,0.47429830058400857,0.143874793147182,0.027199448772949886,5.17532610189704,5.031451308749858,0.17532610189704023,0.03145130874985824,5.0,5.005768118240295
4.0,0.01,2000,11,mixed,0.12359769495996306,3.999999999997885,0.46522185882160966,0.05520080724953136,0.014823509872699425,4.977888679771728,5.033089487021259,-0.022111320228272113,0.033089487021259245,5.0,5.015288818936669
4.0,0.02,2000,0,mixed,0.13924174432564734,3.9999999999979043,0.708002226123983,0.0445793976597777,0.0795575717494108,4.983919850073654,5.028499247733432,-0.016080149926345655,0.028499247733432043,5.0,5.019233743122847
4.0,0.02,2000,1,mixed,0.14804620783303726,3.999999999997861,0.8452372526308469,0.0951548265127018,0.003952981638637887,4.942498921591276,5.037653748103978,-0.057501078408724204,0.03765374810397759,5.0,5.022273463502191
4.0,0.02,2000,2,mixed,0.10875691324188479,3.9999999999978693,0.9447757663043744,0.07868590888897842,0.029147221001514012,4.967792660611001,5.046478569499979,-0.03220733938899922,0.046478569499979194,5.0,5.011661754509679
4.0,0.02,2000,3,mixed,0.11144122140685603,3.9999999999979146,0.6719674561789015,0.08982433267954981,0.042348471138821786,4.932240286823549,5.022064619503099,-0.06775971317645091,0.022064619503098903,5.0,5.012158228716256
4.0,0.02,2000,4,mixed,0.1530782015905017,3.999999999997861,0.6884010380395342,0.03204240693032201,0.022720276039787102,5.061925340167393,5.029882933237071,0.06192534016739337,0.029882933237071363,5.0,5.023758783432074
4.0,0.02,2000,5,mixed,0.12438492377465449,3.999999999997886,0.9157814203111374,0.08706022490846799,0.04763368137415647,5.128071421242136,5.041011196333668,0.12807142124213566,0.04101119633366768,5.0,5.015607247204149
4.0,0.02,2000,6,mixed,0.23824363989123112,3.9999999999978813,1.0372482174517308,0.06350794260728154,0.03425157185493344,5.116244008630288,5.052736066023006,0.11624400863028761,0.05273606602300607,5.0,5.056806014278146
4.0,0.02,2000,7,mixed,0.16110773309116247,3.999999999997843,1.1557389220645402,0.10164925722103213,0.021078289367370218,4.974103980168722,5.075753237389754,-0.025896019831278316,0.07575323738975381,5.0,5.026320716511268
4.0,0.02,2000,8,mixed,0.06892963562976595,3.999999999997847,0.9313224152641826,0.01632031545762569,0.058650916993706836,5.043055859323269,5.059376174780895,0.043055859323269274,0.059376174780894964,5.0,5.004690885606679
4.0,0.02,2000,9,mixed,0.11463237694605445,3.999999999997878,0.7447620150073709,0.038328997650701524,0.03709674992332257,5.073790863949709,5.035461866299007,0.07379086394970891,0.03546186629900738,5.0,5.0131320076573616
4.0,0.02,2000,10,mixed,0.14080110156761702,3.999999999997855,0.9865008308221499,0.15299117656094552,0.021652227714488603,5.200057694478672,5.0470665179177265,0.20005769447867205,0.047066517917726536,5.0,5.019684762651372
4.0,0.02,2000,11,mixed,0.1436838694265177,3.999999999997885,0.9344621331472008,0.050659808737154144,0.007098333608670515,4.996363217682686,5.04702302641984,-0.0036367823173142355,0.04702302641983991,5.0,5.020981918809917
4.0,0.04,2000,0,mixed,0.1607252026379137,3.9999999999979043,1.4401990825891844,0.034696557624281255,0.06832443076767092,5.004035059151737,5.038731616776018,0.004035059151736853,0.03873161677601811,5.0,5.025372912487337
4.0,0.04,2000,1,mixed,0.16100897699842337,3.999999999997861,1.9285071700736272,0.09578918549337612,0.04749729816900583,4.9829210210116495,5.078710206505026,-0.017078978988350535,0.07871020650502558,5.0,5.026237351498407
4.0,0.04,2000,2,mixed,0.33599967969661676,3.9999999999978693,1.8093006108270715,0.0865598704902153,0.047281408808864,4.98779292893434,5.074352799424555,-0.012207071065660102,0.0743527994245552,5.0,5.112148353354166
4.0,0.04,2000,3,mixed,0.14908283951796586,3.9999999999979146,1.3500181905867858,0.08472036531605731,0.0446213373841875,4.952020526192785,5.036740891508843,-0.04797947380721457,0.03674089150884274,5.0,5.0218523480853445
4.0,0.04,2000,4,mixed,0.18814970094141026,3.999999999997861,1.3149441776914341,0.0330857699662106,0.02108545851299226,5.079119497026823,5.046033727060612,0.07911949702682275,0.04603372706061215,5.0,5.035902086633311
4.0,0.04,2000,5,mixed,0.12397902430770738,3.999999999997886,1.9296829908318978,0.0995250644479837,0.08123658943114087,5.173231003700193,5.07370593925221,0.1732310037001934,0.0737059392522097,5.0,5.0154132546347885
4.0,0.04,2000,6,mixed,0.2000178880791375,3.9999999999978813,1.896005971077591,0.05436662892041255,0.020148339470838827,5.144804132574773,5.0904375036543605,0.1448041325747731,0.09043750365436054,5.0,5.040486381473904
4.0,0.04,2000,7,mixed,0.39294825402245137,3.999999999997843,2.124868400436154,0.11739533773401334,0.07344249182585116,4.985127869481153,5.1025232072151665,-0.014872130518846838,0.1025232072151665,5.0,5.154654103783699
4.0,0.04,2000,8,mixed,0.22115691574540378,3.999999999997847,1.887412555943499,0.009345220134408194,0.023432982591216067,5.058781907899714,5.0681271280341225,0.05878190789971427,0.06812712803412246,5.0,5.0494370038259575
4.0,0.04,2000,9,mixed,0.1809142302964845,3.999999999997878,1.4206089916576863,0.04084133125900902,0.03864062894518838,5.088873016061847,5.048031684802838,0.08887301606184739,0.04803168480283837,5.0,5.032649486533674
4.0,0.04,2000,10,mixed,0.23681662617113391,3.999999999997855,2.179379572203964,0.15109943967566686,0.027817241576728158,5.231656850721025,5.080557411045358,0.23165685072102526,0.0805574110453584,5.0,5.056479571062701
4.0,0.04,2000,11,mixed,0.1920382445041917,3.999999999997885,2.1783550781970433,0.040985058310663014,0.010122857159938548,5.050155377492422,5.091140435803085,0.05015537749242238,0.0911404358030854,5.0,5.036101477925553
4.0,0.08,2000,0,mixed,0.47213127451253767,3.9999999999979043,3.241051550030273,0.04608414112983894,0.2242094038365856,5.0604262195538885,5.106510360683727,0.060426219553888494,0.10651036068372743,5.0,5.221876493775758
4.0,0.08,2000,1,mixed,0.3767804357793437,3.999999999997861,3.840045838646495,0.10794578325574378,0.04190260362550102,5.0208942875206795,5.128840070776423,0.020894287520679455,0.12884007077642323,5.0,5.141319857792772
4.0,0.08,2000,2,mixed,0.22306870942446175,3.9999999999978693,3.1827053004600185,0.08906524838122021,0.04372659808422963,4.995600444952685,5.084665693333905,-0.00439955504731504,0.08466569333390517,5.0,5.049797309244129
4.0,0.08,2000,3,mixed,0.3165531180889233,3.9999999999979146,2.999682216324059,0.08739800472791881,0.011993799101001734,4.986840505344381,5.0742385100723,-0.013159494655618609,0.0742385100723002,5.0,5.098785221566553
4.0,0.08,2000,4,mixed,0.28690243188859305,3.999999999997861,2.869302248647003,0.037729345054096974,0.04546799693704173,5.10442432130741,5.066694976253313,0.10442432130740986,0.06669497625331289,5.0,5.080987565283658
4.0,0.08,2000,5,mixed,0.4815410124685448,3.999999999997886,4.019119722986183,0.09284271210597961,0.07502145463678112,5.238010511771274,5.145167799665295,0.2380105117712743,0.1451677996652947,5.0,5.231882570428797
4.0,0.08,2000,6,mixed,0.24364642202557887,3.9999999999978813,3.7286713853123516,0.07157728841194544,0.014651256782766353,5.180888026583069,5.109310738171123,0.18088802658306857,0.10931073817112313,5.0,5.05905496820658
4.0,0.08,2000,7,mixed,0.3363085272921938,3.999999999997843,3.2465093866401356,0.12191844973013666,0.023330234228669866,4.985648045431944,5.1075664951620805,-0.014351954568056158,0.1075664951620805,5.0,5.113013193812135
4.0,0.08,2000,8,mixed,0.23840067056380712,3.999999999997847,3.7704043435280807,0.0028196911089999332,0.06380636381862281,5.112077847171993,5.109258156062993,0.1120778471719932,0.10925815606299327,5.0,5.056860531995845
4.0,0.08,2000,9,mixed,0.2994738163044947,3.999999999997878,2.9539764806803426,0.04479687527387011,0.02319844722537301,5.1236782502962495,5.078881375022379,0.12367825029624946,0.07888137502237935,5.0,5.090220826268469
4.0,0.08,2000,10,mixed,0.435909021432911,3.999999999997855,4.554537132815336,0.14900095306950867,0.08071404754275058,5.31504481398243,5.166043860912922,0.3150448139824302,0.16604386091292156,5.0,5.1904769053689
4.0,0.08,2000,11,mixed,0.5254541424585084,3.999999999997885,4.588475691169139,0.06235428789879727,0.07801196515682207,5.193811963020007,5.256166250918804,0.19381196302000703,0.2561662509188043,5.0,5.2751231540049455
8.0,0.0,2000,0,exogenous-only,0.09982798719938679,7.999999999995809,0.0,0.0475141801194372,0.06232113068673861,4.975621585359002,5.023135765478439,-0.024378414640998436,0.023135765478438763,5.0,5.009921560865022
8.0,0.0,2000,1,exogenous-only,0.14671357298595883,7.999999999995722,0.0,0.1016646581623144,0.005211277444867157,4.919401929618066,5.02106658778038,-0.08059807038193423,0.021066587780380175,5.0,5.022194033343044
8.0,0.0,2000,2,exogenous-only,0.10290178995874089,7.9999999999957385,0.0,0.0793133252300171,0.02250385732869109,4.943019328478566,5.022332653708583,-0.05698067152143427,0.02233265370858284,5.0,5.011186853605915
8.0,0.0,2000,3,exogenous-only,0.09811819700447473,7.999999999995829,0.0,0.09506351873259167,0.05029865632146713,4.919986586892455,5.015050105625047,-0.08001341310754473,0.015050105625046939,5.0,5.009445235400711
8.0,0.0,2000,4,exogenous-only,0.11782178706334408,7.999999999995722,0.0,0.03316249894921697,0.01422063840309562,5.054557939320002,5.021395440370785,0.05455793932000219,0.021395440370785224,5.0,5.013545486675135
8.0,0.0,2000,5,exogenous-only,0.1157441950371714,7.999999999995772,0.0,0.0938320158784105,0.04368070865009699,5.122320135861562,5.028488119983152,0.12232013586156221,0.028488119983151705,5.0,5.013065359457023
8.0,0.0,2000,6,exogenous-only,0.08433472868309543,7.9999999999957625,0.0,0.06478241877294266,0.00812007759928779,5.090448730010957,5.025666311238014,0.09044873001095688,0.025666311238014217,5.0,5.007226660121622
8.0,0.0,2000,7,exogenous-only,0.1429952997072773,7.999999999995686,0.0,0.10347205015787342,0.010658468984005687,4.9373585211253515,5.040830571283225,-0.06264147887464855,0.04083057128322487,5.0,5.020413153779536
8.0,0.0,2000,8,exogenous-only,0.08939574850800151,7.999999999995694,0.0,0.01255048000656167,0.03387669684229433,5.016893703138273,5.029444183144835,0.01689370313827343,0.0294441831448351,5.0,5.007906523201585
8.0,0.0,2000,9,exogenous-only,0.09879146604721223,7.999999999995756,0.0,0.04110109754431157,0.03621077726782662,5.060986273653486,5.019885176109175,0.0609862736534863,0.01988517610917473,5.0,5.009472486804023
8.0,0.0,2000,10,exogenous-only,0.13536065501837793,7.99999999999571,0.0,0.14116393731967758,0.045082628934087765,5.167481052484947,5.026317115165269,0.1674810524849466,0.026317115165269023,5.0,5.0188942611063245
8.0,0.0,2000,11,exogenous-only,0.1361014104392871,7.99999999999577,0.0,0.061159775629860746,0.016848964655809873,4.968971405423614,5.030131181053474,-0.031028594576386404,0.030131181053474343,5.0,5.018364304424509
8.0,0.01,2000,0,mixed,0.18071137016384275,7.999999999995809,0.49735880298677193,0.048736348001828134,0.09114851051883921,4.9870992056520675,5.035835553653896,-0.012900794347932454,0.03583555365389568,5.0,5.032439482101176
8.0,0.01,2000,1,mixed,0.1329448518611143,7.999999999995722,0.4033531994534045,0.102088030413932,0.005417252710974374,4.926807317946496,5.028895348360428,-0.07319268205350404,0.028895348360427953,5.0,5.01790746480718
8.0,0.01,2000,2,mixed,0.10273487965127244,7.9999999999957385,0.47325602508899406,0.07782444897076335,0.03306527477670507,4.961957478944889,5.039781927915652,-0.03804252105511097,0.03978192791565238,5.0,5.011352628607913
8.0,0.01,2000,3,mixed,0.09804378720928235,7.999999999995829,0.38161351504840524,0.09431868116526942,0.04400421513227837,4.924378587142889,5.018697268308158,-0.0756214128571111,0.01869726830815832,5.0,5.008910519918798
8.0,0.01,2000,4,mixed,0.11436397233409012,7.999999999995722,0.375233975785674,0.030546519419592855,0.015466352479181822,5.060575574007432,5.030029054587839,0.060575574007431854,0.030029054587839,5.0,5.013185197251693
8.0,0.01,2000,5,mixed,0.05706309795894624,7.999999999995772,0.5105358873486036,0.08782039359477611,0.05231274109573203,5.123183406882141,5.035363013287365,0.12318340688214136,0.03536301328736524,5.0,5.003401627503094
8.0,0.01,2000,6,mixed,0.13203752972645857,7.9999999999957625,0.5086518693643274,0.06986499352574338,0.011962953655143771,5.105927296725707,5.036062303199964,0.10592729672570744,0.03606230319996406,5.0,5.017156772197124
8.0,0.01,2000,7,mixed,0.11678151680233209,7.999999999995686,0.7198628514914419,0.09798592490270153,0.011010961533481911,4.958930423212423,5.0569163481151245,-0.041069576787577056,0.05691634811512447,5.0,5.013439620106978
8.0,0.01,2000,8,mixed,0.15734121489081948,7.999999999995694,0.44419879151545455,0.015157802694266032,0.03073996894903175,5.0317237131950385,5.046881515889305,0.03172371319503853,0.04688151588930456,5.0,5.024123859656979
8.0,0.01,2000,9,mixed,0.11810291822776216,7.999999999995756,0.3759802183852404,0.03934056131274222,0.035895550538537435,5.0708731525242685,5.031532591211526,0.07087315252426851,0.031532591211526295,5.0,5.013356400838654
8.0,0.01,2000,10,mixed,0.06074273382509188,7.99999999999571,0.5061648725766874,0.1446813461268972,0.024766741890420718,5.175504779921787,5.03082343379489,0.1755047799217868,0.03082343379488961,5.0,5.0037180799734085
8.0,0.01,2000,11,mixed,0.14728238626775111,7.99999999999577,0.5056282140998847,0.05727805775688832,0.018802562174363935,4.980499249567703,5.037777307324592,-0.0195007504322966,0.037777307324591725,5.0,5.0217717541455364
8.0,0.02,2000,0,mixed,0.1843834333768981,7.999999999995809,0.8199924295902502,0.04569445055876464,0.08890099767524351,4.992312241634606,5.03800669219337,-0.007687758365394259,0.038006692193370384,5.0,5.033417578678839
8.0,0.02,2000,1,mixed,0.17595166974298374,7.999999999995722,0.8247154597595023,0.09616899987875538,0.0026843859079921373,4.942500703434609,5.0386697033133645,-0.05749929656539088,0.0386697033133645,5.0,5.031523956104115
8.0,0.02,2000,2,mixed,0.12560007615524982,7.9999999999957385,0.9887089743452523,0.07907151550818181,0.027314688914044538,4.969693583713031,5.048765099221213,-0.03030641628696884,0.04876509922121297,5.0,5.01533519518268
8.0,0.02,2000,3,mixed,0.12199197095563308,7.999999999995829,0.6828766161386813,0.08987088851777436,0.039057743824377766,4.931585670202854,5.021456558720629,-0.06841432979714579,0.02145655872062857,5.0,5.0141146633089155
8.0,0.02,2000,4,mixed,0.15050398963189293,7.999999999995722,0.713545239419467,0.032555507409278484,0.017567854462429366,5.067581001902484,5.035025494493206,0.06758100190248406,0.03502549449320558,5.0,5.023430101657594
8.0,0.02,2000,5,mixed,0.14559351076436305,7.999999999995772,1.0114880883606225,0.08809955268634972,0.046496836921949836,5.133872630176244,5.045773077489894,0.13387263017624385,0.04577307748989412,5.0,5.021630940319803
8.0,0.02,2000,6,mixed,0.2516102675711204,7.9999999999957625,1.0285498944090914,0.06603754621123858,0.03879572547726351,5.11954427200108,5.053506725789841,0.11954427200107975,0.05350672578984117,5.0,5.0631563139631774
8.0,0.02,2000,7,mixed,0.1835770666926373,7.999999999995686,1.262227128840789,0.09999837988777038,0.02326706085902508,4.985384076793037,5.085382456680807,-0.014615923206963366,0.08538245668080702,5.0,5.034035212104913
8.0,0.02,2000,8,mixed,0.07407839964624387,7.999999999995694,0.9258568605873233,0.019383779804419632,0.05837246468876778,5.040978197767254,5.060361977571674,0.04097819776725409,0.06036197757167372,5.0,5.005500681777908
8.0,0.02,2000,9,mixed,0.0794304128233714,7.999999999995756,0.7445224477011625,0.03820506371019139,0.046764638130504466,5.074136193867196,5.035931130157005,0.07413619386719628,0.03593113015700489,5.0,5.006170007031263
8.0,0.02,2000,10,mixed,0.13968531476325913,7.99999999999571,1.0027490449595624,0.15391363637000577,0.020947633528465737,5.200355668171429,5.046442031801424,0.20035566817142936,0.04644203180142359,5.0,5.019214162532917
8.0,0.02,2000,11,mixed,0.17257788677655939,7.99999999999577,0.9826388584714469,0.05273494662061751,0.015200118242302274,4.9980094565908475,5.050744403211465,-0.001990543409152501,0.050744403211465006,5.0,5.03038778329473
8.0,0.04,2000,0,mixed,0.17793026612529775,7.999999999995809,1.530140391130566,0.03525692398437652,0.07171829800608265,5.006759265200813,5.04201618918519,0.006759265200813047,0.04201618918518957,5.0,5.030719815105672
8.0,0.04,2000,1,mixed,0.1671083331231332,7.999999999995722,1.9195110976585095,0.09674686468361848,0.04442204653010684,4.983069650692532,5.079816515376151,-0.01693034930746773,0.07981651537615075,5.0,5.028339581763027
8.0,0.04,2000,2,mixed,0.3551702130619783,7.9999999999957385,1.849466828801917,0.0850829613621471,0.06250560527255988,4.987170726506727,5.072253687868874,-0.012829273493273341,0.07225368786887376,5.0,5.124200476879194
8.0,0.04,2000,3,mixed,0.16437461292755393,7.999999999995829,1.3532529567168352,0.08318266448610245,0.03764634894033314,4.951740156372091,5.034922820858194,-0.048259843627908694,0.03492282085819376,5.0,5.0259390438156535
8.0,0.04,2000,4,mixed,0.16564056007000308,7.999999999995722,1.3791843200849718,0.033521300111244656,0.007490362207056123,5.085612767996616,5.052091467885371,0.08561276799661588,0.05209146788537122,5.0,5.0282280471562215
8.0,0.04,2000,5,mixed,0.15152434111295107,7.999999999995772,2.039875621867121,0.10092598894820348,0.08364548740708777,5.184631083630205,5.083705094682002,0.18463108363020542,0.08370509468200193,5.0,5.023001788923812
8.0,0.04,2000,6,mixed,0.20922327366620044,7.9999999999957625,1.878539954741853,0.05711129045537078,0.017969280634432927,5.148146131259722,5.091034840804351,0.14814613125972187,0.09103484080435109,5.0,5.044442440602686
8.0,0.04,2000,7,mixed,0.476385942401306,7.999999999995686,2.278194449656716,0.11874966157017397,0.12827771047436265,5.001575356691375,5.120325018261549,0.001575356691374985,0.12032501826154895,5.0,5.227484555059902
8.0,0.04,2000,8,mixed,0.2347062982712355,7.999999999995694,1.8666637668088053,0.012593971323822117,0.015559469789674374,5.054413004486831,5.067006975810653,0.05441300448683073,0.06700697581065285,5.0,5.056410099202412
8.0,0.04,2000,9,mixed,0.20264824727935396,7.999999999995756,1.4247535520991483,0.04014098087456741,0.03294603094910986,5.088604449319718,5.04846346844515,0.08860444931971756,0.04846346844515015,5.0,5.040950921206468
8.0,0.04,2000,10,mixed,0.265785197354606,7.99999999999571,2.199077239714772,0.15178257298750442,0.04056288833938915,5.233318473564392,5.081535900576887,0.23331847356439184,0.08153590057688742,5.0,5.071694651706232
8.0,0.04,2000,11,mixed,0.2280485784270903,7.99999999999577,2.2180361426721515,0.042681171151123465,0.0051511516100752885,5.05160317688714,5.094284348038263,0.05160317688713967,0.09428434803826313,5.0,5.0507528931385535
8.0,0.08,2000,0,mixed,0.5214416747778984,7.999999999995809,3.345035562386023,0.045557111609898726,0.2662229843733863,5.067728370662069,5.1132854822719676,0.06772837066206883,0.11328548227196755,5.0,5.269923861128838
8.0,0.08,2000,1,mixed,0.3720429367427366,7.999999999995722,3.8469426882483213,0.10925495632223736,0.042880491342980775,5.017651892371121,5.126906848693358,0.01765189237112086,0.12690684869335822,5.0,5.137873919623235
8.0,0.08,2000,2,mixed,0.1888812341437989,7.9999999999957385,3.190429325746483,0.08673702587822962,0.057728973219856705,4.9979325613506855,5.084669587228915,-0.002067438649314468,0.08466958722891516,5.0,5.035925260470492
8.0,0.08,2000,3,mixed,0.3482669378403555,7.999999999995829,2.982261690972332,0.08512477290341636,0.010285304884931179,4.989247295304278,5.074372068207694,-0.010752704695722315,0.07437206820769404,5.0,5.118849931017294
8.0,0.08,2000,4,mixed,0.32552309594481466,7.999999999995722,3.0009690014890102,0.03866664664312225,0.06276704272241584,5.1109822095642174,5.072315562921095,0.11098220956421745,0.0723155629210952,5.0,5.103358861792358
8.0,0.08,2000,5,mixed,0.496098723434949,7.999999999995772,4.136654959618824,0.09420739527667532,0.08364272812040685,5.24510608147804,5.150898686201365,0.24510608147804014,0.15089868620136482,5.0,5.245826387817929
8.0,0.08,2000,6,mixed,0.22918677938438384,7.9999999999957625,3.8002299947066085,0.07414910963259924,0.027119687557943806,5.187811667245081,5.113662557612482,0.18781166724508136,0.11366255761248212,5.0,5.052370602769309
8.0,0.08,2000,7,mixed,0.3699343943936234,7.999999999995686,3.457194422419638,0.1242319889338086,0.03131632092259107,4.9983702833250065,5.122602272258815,-0.0016297166749934533,0.12260227225881515,5.0,5.136580881717609
8.0,0.08,2000,8,mixed,0.23504128247902178,7.999999999995694,3.691155268221011,2.6478769301618854e-06,0.060972490726886264,5.106018475858293,5.106021123735223,0.10601847585829294,0.1060211237352231,5.0,5.056107896131215
8.0,0.08,2000,9,mixed,0.3292187885073322,7.999999999995756,2.97279519498995,0.04381474539115615,0.012186058422814838,5.1283135225515135,5.084498777160357,0.12831352255151351,0.08449877716035736,5.0,5.1095309739728965
8.0,0.08,2000,10,mixed,0.4367082384159433,7.99999999999571,4.568660549393834,0.14873606439824272,0.08084048873147065,5.314848258714666,5.166112194316423,0.31484825871466615,0.16611219431642343,5.0,5.191396780589182
8.0,0.08,2000,11,mixed,0.5193449072081525,7.99999999999577,4.656884805156446,0.06364012288320531,0.0683662523140125,5.197110495062972,5.260750617946178,0.1971104950629723,0.2607506179461776,5.0,5.2675051446303085
16.0,0.0,2000,0,exogenous-only,0.2041217113237999,15.999999999991617,0.0,0.04507700383092672,0.07552719578514289,4.997053701888558,5.042130705719485,-0.0029462981114418696,0.04213070571948485,5.0,5.041492359703477
16.0,0.0,2000,1,exogenous-only,0.27205562357677715,15.999999999991443,0.0,0.10229130558089228,0.050314042908788714,4.930832934217458,5.03312423979835,-0.06916706578254228,0.03312423979835,5.0,5.076485394415375
16.0,0.0,2000,2,exogenous-only,0.19987748721233595,15.999999999991477,0.0,0.08265199928072064,0.015039778718779928,4.9615601319124485,5.044212131193169,-0.03843986808755151,0.044212131193169135,5.0,5.042008070526142
16.0,0.0,2000,3,exogenous-only,0.18621794630294913,15.999999999991658,0.0,0.09330333028088145,0.048920748711557493,4.939102113090078,5.032405443370959,-0.06089788690992215,0.0324054433709593,5.0,5.034638541951942
16.0,0.0,2000,4,exogenous-only,0.20219451290053886,15.999999999991443,0.0,0.0351161480863329,0.021384894077798755,5.071893091867945,5.036776943781612,0.07189309186794457,0.03677694378161167,5.0,5.040032037185235
16.0,0.0,2000,5,exogenous-only,0.2501141610761037,15.999999999991545,0.0,0.10063305183417004,0.019014004944581053,5.150837159707174,5.050204107873004,0.15083715970717382,0.05020410787300378,5.0,5.0611649214279115
16.0,0.0,2000,6,exogenous-only,0.14929691648219784,15.999999999991525,0.0,0.0657981041161193,0.015497321058933977,5.10046626755886,5.034668163442741,0.10046626755886034,0.03466816344274104,5.0,5.022651986596145
16.0,0.0,2000,7,exogenous-only,0.26232832821222973,15.999999999991372,0.0,0.10054877900534276,0.04011063140760651,4.960778719726623,5.061327498731965,-0.039221280273377346,0.06132749873196541,5.0,5.068525323582019
16.0,0.0,2000,8,exogenous-only,0.14507757685068914,15.999999999991388,0.0,0.018955312702630067,0.026858142145244734,5.017475020973503,5.036430333676133,0.017475020973503064,0.03643033367613313,5.0,5.021109018811402
16.0,0.0,2000,9,exogenous-only,0.17560136938452997,15.999999999991513,0.0,0.03925844961283875,0.0251217106763848,5.067944379954418,5.028685930341579,0.06794437995441793,0.02868593034157918,5.0,5.0302586041709265
16.0,0.0,2000,10,exogenous-only,0.2552217042338908,15.99999999999142,0.0,0.14244778093011945,0.07946028904012259,5.1849912962370635,5.042543515306944,0.18499129623706345,0.042543515306944,5.0,5.06666875172933
16.0,0.0,2000,11,exogenous-only,0.24596715559307383,15.99999999999154,0.0,0.0651185865161672,0.04528934252192762,4.982624425827173,5.04774301234334,-0.01737557417282698,0.04774301234334022,5.0,5.0597511059635085
16.0,0.01,2000,0,mixed,0.3238411351699145,15.999999999991617,0.7205640609605591,0.04933966538227441,0.13583457038356084,5.02365712693479,5.072996792317064,0.02365712693478983,0.07299679231706424,5.0,5.104061855300014
16.0,0.01,2000,1,mixed,0.1980938218830282,15.999999999991443,0.5766483553475371,0.10436315547554198,0.005541433161343257,4.931273505856259,5.035636661331801,-0.06872649414374088,0.0356366613318011,5.0,5.039847216395949
16.0,0.01,2000,2,mixed,0.15285544730017378,15.999999999991477,0.5741483042351195,0.08046711452760213,0.04820900977359255,4.987121185561997,5.067588300089599,-0.012878814438002983,0.06758830008959915,5.0,5.025546855761631
16.0,0.01,2000,3,mixed,0.21996042531393978,15.999999999991658,0.617070896768318,0.0947331298105123,0.013664026062250478,4.932396885129978,5.02713001494049,-0.06760311487002202,0.027130014940490277,5.0,5.045343374121677
16.0,0.01,2000,4,mixed,0.16905461411856032,15.999999999991443,0.4826753538907729,0.03159388002493113,0.01612982017202036,5.077423448174362,5.045829568149431,0.07742344817436209,0.045829568149430955,5.0,5.0292772853613625
16.0,0.01,2000,5,mixed,0.10216860285266907,15.999999999991545,0.6664213407356833,0.09108426388035262,0.05920362690126524,5.14014422802959,5.0490599641492375,0.14014422802959015,0.04905996414923752,5.0,5.010919431534021
16.0,0.01,2000,6,mixed,0.243791777730354,15.999999999991525,0.5852430661495095,0.07433327695390446,0.04317541100088995,5.119261361505985,5.0449280845520805,0.11926136150598499,0.04492808455208053,5.0,5.0584635044536785
16.0,0.01,2000,7,mixed,0.14016144652168722,15.999999999991372,0.9146242061132819,0.09316320003054646,0.030433599749949636,4.987251629844168,5.080414829874714,-0.012748370155832411,0.08041482987471404,5.0,5.018301063655811
16.0,0.01,2000,8,mixed,0.17533270489311806,15.999999999991388,0.4412619419124459,0.02176284976937115,0.030863781619499875,5.031653434327212,5.053416284096583,0.031653434327211905,0.053416284096583055,5.0,5.0300810663507205
16.0,0.01,2000,9,mixed,0.21798768052778275,15.999999999991513,0.4468721743643713,0.03921871109121611,0.02032432586881061,5.08476504667144,5.045546335580224,0.08476504667144003,0.04554633558022392,5.0,5.045910843849395
16.0,0.01,2000,10,mixed,0.07207244674311603,15.99999999999142,0.6326950278038475,0.14629445208632585,0.02131952771631873,5.180068826097755,5.033774374011429,0.18006882609775499,0.03377437401142913,5.0,5.005261239193576
16.0,0.01,2000,11,mixed,0.20245407982231448,15.99999999999154,0.6171296272686874,0.06143255877160314,0.028711583829501564,4.99023876556822,5.051671324339823,-0.009761234431779897,0.051671324339823244,5.0,5.041398738022988
16.0,0.02,2000,0,mixed,0.2922922540848062,15.999999999991617,1.121162622916198,0.04792455635674031,0.11626828451086624,5.022647986291824,5.070572542648565,0.022647986291824296,0.0705725426485646,5.0,5.083382058652673
16.0,0.02,2000,1,mixed,0.2386335426006494,15.999999999991443,0.9013708706369666,0.09819734661085544,0.018159896840729495,4.9482138146281995,5.046411161239055,-0.051786185371800464,0.04641116123905498,5.0,5.057967673814635
16.0,0.02,2000,2,mixed,0.16242051134423324,15.999999999991477,1.1543948268215747,0.07984272874658771,0.032254744011665615,4.98482183960075,5.064664568347338,-0.015178160399250018,0.06466456834733769,5.0,5.025042483544448
16.0,0.02,2000,3,mixed,0.21663967216382232,15.999999999991658,0.8826456665622133,0.08996400019422701,0.012532887194829812,4.937464821440358,5.027428821634585,-0.06253517855964219,0.02742882163458482,5.0,5.043814647929587
16.0,0.02,2000,4,mixed,0.17237892345024697,15.999999999991443,0.8445766598343797,0.03358170836719232,0.00798757797978844,5.086801478002426,5.053219769635234,0.08680147800242644,0.053219769635234115,5.0,5.03193755948163
16.0,0.02,2000,5,mixed,0.2218621869703296,15.999999999991545,1.2315393958706742,0.09017820824211054,0.03589306972720596,5.153726317574423,5.063548109332312,0.15372631757442257,0.06354810933231203,5.0,5.050752305049978
16.0,0.02,2000,6,mixed,0.31663695002210795,15.999999999991525,1.0504557236593381,0.07109675341915178,0.06511092311226374,5.132779597504364,5.061682844085213,0.1327795975043644,0.06168284408521263,5.0,5.0994441050989
16.0,0.02,2000,7,mixed,0.2614756418867543,15.999999999991372,1.5395322608570527,0.09669662522125044,0.020141528227192396,5.019632785773692,5.116329410994942,0.019632785773691985,0.11632941099494243,5.0,5.068418324310496
16.0,0.02,2000,8,mixed,0.11825001756123965,15.999999999991388,0.9432535703348266,0.02551070849800574,0.05546901139624971,5.041504247927633,5.067014956425639,0.041504247927632854,0.0670149564256386,5.0,5.0146071485910495
16.0,0.02,2000,9,mixed,0.14093652130986806,15.999999999991513,0.8373314419298366,0.03795719582917023,0.04864249516911201,5.084594923827694,5.046637727998524,0.0845949238276944,0.04663772799852417,5.0,5.019805924771202
16.0,0.02,2000,10,mixed,0.15826533675633087,15.99999999999142,1.0914485526012945,0.1557585559881245,0.02178310080173773,5.204873192166088,5.049114636177963,0.20487319216608757,0.04911463617796308,5.0,5.0245790714232275
16.0,0.02,2000,11,mixed,0.24067077290666752,15.99999999999154,1.128633357027428,0.05688522238754157,0.03738775210698542,5.005185874012072,5.062071096399613,0.005185874012071601,0.06207109639961317,5.0,5.059324418655636
16.0,0.04,2000,0,mixed,0.24772808582911646,15.999999999991617,1.8204536061795726,0.036377656704570605,0.08813470989925332,5.020644085252588,5.057021741957159,0.020644085252587985,0.05702174195715859,5.0,5.058842951824486
16.0,0.04,2000,1,mixed,0.19909896899528923,15.999999999991443,1.9679347067411777,0.09866222306410322,0.03554815428456859,4.988361805794992,5.087024028859095,-0.011638194205008112,0.0870240288590951,5.0,5.040648270804127
16.0,0.04,2000,2,mixed,0.419990972220723,15.999999999991477,2.0644903250813553,0.08212914310600805,0.10882746308659463,4.99380769050942,5.075936833615428,-0.00619230949058025,0.0759368336154278,5.0,5.170970876895751
16.0,0.04,2000,3,mixed,0.22942620324285876,15.999999999991658,1.4907616568495232,0.0801072628261954,0.014878191007373864,4.958398574447181,5.038505837273377,-0.04160142555281876,0.03850583727337664,5.0,5.049252601948936
16.0,0.04,2000,4,mixed,0.14041112500826533,15.999999999991443,1.596987059623989,0.03439236040131277,0.01840716673684195,5.105519546494712,5.071127186093399,0.10551954649471185,0.07112718609339908,5.0,5.021032503127853
16.0,0.04,2000,5,mixed,0.2380847546165629,15.999999999991545,2.2988087478557,0.10372783794864304,0.0789121472716543,5.2164352192308225,5.1127073812821795,0.21643521923082254,0.1127073812821795,5.0,5.0569003140545705
16.0,0.04,2000,6,mixed,0.2496203890490518,15.999999999991525,1.8983693129959167,0.06260061352528723,0.009435937834943786,5.161662776550345,5.099062163025057,0.16166277655034467,0.09906216302505744,5.0,5.063065269309793
16.0,0.04,2000,7,mixed,0.6530354881320828,15.999999999991372,2.670562574247485,0.12145830924249434,0.27695376953481166,5.049919942680166,5.17137825192266,0.049919942680165974,0.17137825192266032,5.0,5.427952019503981
16.0,0.04,2000,8,mixed,0.2721064769141981,15.999999999991388,1.8726310969453186,0.01909147370265174,0.0005259928573195793,5.05299744189774,5.072088915600392,0.05299744189774014,0.07208891560039188,5.0,5.07748440698019
16.0,0.04,2000,9,mixed,0.3221785456436172,15.999999999991513,1.5725053248557137,0.038740280105685976,0.013553366902829822,5.099027114508493,5.060286834402807,0.09902711450849289,0.06028683440280691,5.0,5.10490325162432
16.0,0.04,2000,10,mixed,0.3279485605755955,15.99999999999142,2.2738561703434974,0.15314883961118042,0.0707006172562572,5.239788666878862,5.086639827267682,0.23978866687886224,0.08663982726768182,5.0,5.11017748104488
16.0,0.04,2000,11,mixed,0.3150532074733873,15.99999999999154,2.344995605079873,0.04607339683204348,0.048000710580980765,5.0592000160564625,5.105273412888506,0.05920001605646252,0.105273412888506,5.0,5.096944977793708
16.0,0.08,2000,0,mixed,0.6264355835861779,15.999999999991617,3.6319354836888436,0.044503052570020074,0.36623877406703187,5.088883502521452,5.133386555091472,0.08888350252145205,0.13338655509147213,5.0,5.388109302214878
16.0,0.08,2000,1,mixed,0.36912433650491,15.999999999991443,3.9183454707019383,0.11187330245522453,0.04459880022423679,5.016342063510292,5.1282153659655165,0.016342063510291993,0.12821536596551653,5.0,5.136473704446127
16.0,0.08,2000,2,mixed,0.18364336080750066,15.999999999991477,3.3403275661592127,0.08208058087225201,0.06651964061575288,5.009606119774595,5.091686700646847,0.009606119774595356,0.09168670064684736,5.0,5.033369150939016
16.0,0.08,2000,3,mixed,0.4203375478523051,15.999999999991658,3.0318797853068493,0.0805783092544079,0.06383530997179676,4.9982994162141114,5.078877725468519,-0.0017005837858885542,0.07887772546851934,5.0,5.17148534159437
16.0,0.08,2000,4,mixed,0.40573966089111757,15.999999999991443,3.3359778615434905,0.040541249821173686,0.10292548110705901,5.129899679076025,5.089358429254851,0.12989967907602473,0.08935842925485105,5.0,5.158537406975079
16.0,0.08,2000,5,mixed,0.5295247002014599,15.999999999991545,4.424502193829123,0.09693676161806852,0.09901568871990563,5.266992255633373,5.170055494015305,0.26699225563337325,0.17005549401530473,5.0,5.27913285928763
16.0,0.08,2000,6,mixed,0.22240271478274154,15.999999999991525,4.002272006246853,0.07929275207390596,0.04728036886206333,5.207499585971313,5.128206833897407,0.20749958597131268,0.12820683389740672,5.0,5.048883908210348
16.0,0.08,2000,7,mixed,0.4421525185797599,15.999999999991372,3.9616374904058818,0.1288590673411525,0.04876836107672844,5.033496146299412,5.162355213640565,0.03349614629941211,0.1623552136405646,5.0,5.195182450922392
16.0,0.08,2000,8,mixed,0.2704560209989276,15.999999999991388,3.627715073287939,0.005647325848789464,0.04471843630474304,5.104405937657286,5.110053263506075,0.1044059376572859,0.11005326350607536,5.0,5.076176657724661
16.0,0.08,2000,9,mixed,0.3946574349834053,15.999999999991513,3.149451866740227,0.041850485625730016,0.009121046997620397,5.148280373492484,5.106429887866754,0.1482803734924838,0.10642988786675378,5.0,5.158609554235747
16.0,0.08,2000,10,mixed,0.44539882194208263,15.99999999999142,4.634574231487671,0.14820628705571082,0.08311081109945384,5.318714561159133,5.1705082741034225,0.3187145611591333,0.1705082741034225,5.0,5.199768293630458
16.0,0.08,2000,11,mixed,0.5125737042819071,15.99999999999154,4.827231744257585,0.06621179285202228,0.05046338961731145,5.208102806046779,5.274314598898801,0.2081028060467789,0.27431459889880117,5.0,5.258042431911278
32.0,0.0,2000,0,exogenous-only,0.41988314173616176,31.999999999983235,0.0,0.04020265125390399,0.13951841171340718,5.073611661045128,5.113814312299032,0.07361166104512762,0.1138143122990316,5.0,5.175496331389073
32.0,0.0,2000,1,exogenous-only,0.5327551692929738,31.999999999982887,0.0,0.10354460041804803,0.2153982977057014,4.983682588937054,5.087227189355102,-0.016317411062946263,0.08722718935510176,5.0,5.2934499966318
32.0,0.0,2000,2,exogenous-only,0.3999801259497588,31.999999999982954,0.0,0.08932934738212417,0.01647334213677798,5.0434038041623594,5.132733151544484,0.04340380416235945,0.13273315154448362,5.0,5.167502329342497
32.0,0.0,2000,3,exogenous-only,0.36920112288762835,31.999999999983316,0.0,0.08978295337746367,0.041371185297206736,5.024117126038935,5.113900079416399,0.024117126038935233,0.1139000794163989,5.0,5.137553481316962
32.0,0.0,2000,4,exogenous-only,0.38208278655337713,31.999999999982887,0.0,0.03902344636056476,0.054586083980480815,5.138824728467384,5.099801282106819,0.1388247284673838,0.09980128210681904,5.0,5.143571619449516
32.0,0.0,2000,5,exogenous-only,0.5260386322233516,31.99999999998309,0.0,0.11423512374568734,0.10028057635998255,5.253789706911696,5.139554583166008,0.25378970691169567,0.13955458316600833,5.0,5.271341295218017
32.0,0.0,2000,6,exogenous-only,0.2873986726447203,31.99999999998305,0.0,0.06782947480246726,0.042989948929517574,5.1377373030322655,5.069907828229798,0.1377373030322655,0.06990782822979824,5.0,5.083787780837716
32.0,0.0,2000,7,exogenous-only,0.5046329908536962,31.999999999982744,0.0,0.09470223670028233,0.15233857249663796,5.04343703393765,5.138139270637932,0.04343703393764997,0.1381392706379323,5.0,5.25323533770223
32.0,0.0,2000,8,exogenous-only,0.25980888963292237,31.999999999982776,0.0,0.03176497809476864,0.005028548002709243,5.031201340088973,5.062966318183742,0.03120134008897324,0.06296631818374188,5.0,5.06840976465767
32.0,0.0,2000,9,exogenous-only,0.34622432276092163,31.999999999983025,0.0,0.03557315374989223,0.025540026093363366,5.100283637601407,5.064710483851515,0.10028363760140735,0.06471048385151512,5.0,5.118521447870572
32.0,0.0,2000,10,exogenous-only,0.5097251887013917,31.99999999998284,0.0,0.14501546815100497,0.2156078667046799,5.253701242286266,5.108685774135261,0.2537012422862661,0.10868577413526115,5.0,5.264419985523473
32.0,0.0,2000,11,exogenous-only,0.46666429569964174,31.99999999998308,0.0,0.07303620828878188,0.1482495481388968,5.037199792089858,5.11023600037864,0.03719979208985791,0.11023600037863979,5.0,5.21468156272337
32.0,0.01,2000,0,mixed,0.624748842298708,31.999999999983235,1.203338786072017,0.05054630014316963,0.30162452530194717,5.161413193783286,5.2119594939264555,0.1614131937832859,0.21195949392645552,5.0,5.387323142640675
32.0,0.01,2000,1,mixed,0.34448922628635176,31.999999999982887,1.0050866849644284,0.10891340559876461,0.04489717914281233,4.959086917706002,5.068000323304767,-0.04091308229399804,0.06800032330476657,5.0,5.12047967825636
32.0,0.01,2000,2,mixed,0.2987853708352572,31.999999999982954,0.8431246722431217,0.08575244564127793,0.10116994695434389,5.10046159754341,5.186214043184688,0.10046159754341044,0.18621404318468837,5.0,5.09605133964607
32.0,0.01,2000,3,mixed,0.47002003156748795,31.999999999983316,1.1489064516971268,0.09556202710099626,0.11761124993654448,4.97286101925809,5.0684230463590865,-0.02713898074190979,0.06842304635908647,5.0,5.208059638367701
32.0,0.01,2000,4,mixed,0.3095514026059347,31.999999999982887,0.7655432803677276,0.033688601235613014,0.024519048149163503,5.140327852672317,5.106639251436704,0.14032785267231684,0.10663925143670383,5.0,5.0992252514291785
32.0,0.01,2000,5,mixed,0.2870347389300085,31.99999999998309,1.0286941735776418,0.0976120044515083,0.04463075700328378,5.203326643798225,5.105714639346717,0.20332664379822507,0.10571463934671677,5.0,5.084499836529725
32.0,0.01,2000,6,mixed,0.49592186395633525,31.99999999998305,0.8162031422927662,0.08326984381022573,0.1854623709897787,5.168591386229942,5.085321542419717,0.1685913862299424,0.08532154241971668,5.0,5.242430463782988
32.0,0.01,2000,7,mixed,0.25581200243922053,31.999999999982744,1.3618831703916092,0.08351775028623809,0.07876323511893535,5.087203769351591,5.170721519637829,0.08720376935159102,0.1707215196378291,5.0,5.059545192310236
32.0,0.01,2000,8,mixed,0.24625923561469368,31.999999999982776,0.5077632385665553,0.034972943919584054,0.0275326644986027,5.045882401025068,5.080855344944652,0.04588240102506802,0.08085534494465207,5.0,5.061742933120202
32.0,0.01,2000,9,mixed,0.4749422199263134,31.999999999983025,0.7064283964041285,0.038975010648164776,0.0835045837434798,5.150808433580678,5.111833422932513,0.15080843358067764,0.11183342293251286,5.0,5.220553277799499
32.0,0.01,2000,10,mixed,0.17517319694098715,31.99999999998284,0.9878691696410827,0.14952066400518316,0.02009789773195081,5.206023678955592,5.056503014950409,0.20602367895559226,0.0565030149504091,5.0,5.030920500649678
32.0,0.01,2000,11,mixed,0.3247079986481799,31.99999999998308,0.9005255083534487,0.06974156080103189,0.0563332953470157,5.02779130320352,5.097532864004552,0.027791303203519746,0.09753286400455163,5.0,5.107297159616757
32.0,0.02,2000,0,mixed,0.526486402896301,31.999999999983235,1.8335785726575564,0.052384767952692535,0.2057245981179303,5.137523321747525,5.189908089700218,0.13752332174752535,0.18990808970021789,5.0,5.269698254047737
32.0,0.02,2000,1,mixed,0.3748831146025111,31.999999999982887,1.3001840008231025,0.10225404007506089,0.057914022064109005,4.982478227043057,5.084732267118118,-0.017521772956943238,0.08473226711811765,5.0,5.1426260392623595
32.0,0.02,2000,2,mixed,0.24172748941238847,31.999999999982954,1.6408090296714717,0.08138515522340217,0.07655533129715586,5.06038399011081,5.141769145334212,0.06038399011081008,0.14176914533421225,5.0,5.053898688331051
32.0,0.02,2000,3,mixed,0.4685443691145961,31.999999999983316,1.5327861591711562,0.09015022354712965,0.12029043406691997,4.977976661830954,5.068126885378084,-0.02202333816904556,0.06812688537808409,5.0,5.206363078912337
32.0,0.02,2000,4,mixed,0.27990110152495706,31.999999999982887,1.2640049253498884,0.03563411028302266,0.008274708297202338,5.156879040721363,5.1212449304383405,0.15687904072136316,0.1212449304383405,5.0,5.08561176062169
32.0,0.02,2000,5,mixed,0.41420779673554825,31.99999999998309,1.7318903210949703,0.09433551935363305,0.018634777823615778,5.226438770490642,5.132103251137009,0.22643877049064187,0.13210325113700883,5.0,5.177290948505788
32.0,0.02,2000,6,mixed,0.5192155505790872,31.99999999998305,1.2311075698411857,0.08121516783497906,0.18664887994364232,5.185789443557741,5.104574275722762,0.1857894435577414,0.10457427572276234,5.0,5.266368454432979
32.0,0.02,2000,7,mixed,0.4630600831190224,31.999999999982744,2.2070346109230443,0.09009311588820523,0.016121839497050594,5.134884266663115,5.22497738255132,0.13488426666311515,0.22497738255132038,5.0,5.213001032794847
32.0,0.02,2000,8,mixed,0.2430335240228633,31.999999999982776,1.0545367561651082,0.03776456588518151,0.04027591008066178,5.061281841338021,5.099046407223202,0.061281841338020726,0.09904640722320224,5.0,5.062767580100059
32.0,0.02,2000,9,mixed,0.3947628519615661,31.999999999983025,1.2329536890005288,0.03746146006712614,0.017433468256703222,5.144584664250784,5.107123204183658,0.1445846642507842,0.10712320418365806,5.0,5.157317436219633
32.0,0.02,2000,10,mixed,0.24651003854660292,31.99999999998284,1.4188656129733848,0.15944839522436371,0.03243265792955263,5.229594546591977,5.070146151367613,0.22959454659197664,0.07014615136761293,5.0,5.060533325712736
32.0,0.02,2000,11,mixed,0.39198673845906923,31.99999999998308,1.520696911695789,0.06518577392139413,0.10569927822601954,5.035074467274119,5.100260241195513,0.03507446727411878,0.10026024119551291,5.0,5.15769731494256
32.0,0.04,2000,0,mixed,0.43933659444214584,31.999999999983235,2.68901740581676,0.038619122144953444,0.15948224335098704,5.082159357170631,5.120778479315584,0.08215935717063072,0.12077847931558416,5.0,5.184806551190696
32.0,0.04,2000,1,mixed,0.30646564503848134,31.999999999982887,2.2887164786055303,0.10249293982507446,0.006906813922519461,5.018925698962688,5.1214186387877625,0.01892569896268803,0.12141863878776249,5.0,5.097682562933768
32.0,0.04,2000,2,mixed,0.6098121611015291,31.999999999982954,2.78683635827217,0.07622150659373439,0.26496503826123075,5.0386070939464735,5.114828600540208,0.03860709394647355,0.11482860054020794,5.0,5.35517628879487
32.0,0.04,2000,3,mixed,0.4098707554824898,31.999999999983316,2.1022589108051557,0.07395645950637775,0.0659308490395265,5.000592041463278,5.074548500969656,0.0005920414632782922,0.07454850096965604,5.0,5.156440384906152
32.0,0.04,2000,4,mixed,0.19259889909623915,31.999999999982887,2.2301294341462,0.036134480981448114,0.06503156995273596,5.173014049724937,5.136879568743489,0.17301404972493728,0.13687956874348917,5.0,5.039251554774348
32.0,0.04,2000,5,mixed,0.4453336694166942,31.99999999998309,2.9142693277137584,0.10933153594952216,0.031240922651472935,5.316059393394438,5.206727857444916,0.316059393394438,0.20672785744491584,5.0,5.199583190526927
32.0,0.04,2000,6,mixed,0.37866650156263154,31.99999999998305,2.130284616052114,0.0735792596651228,0.02433164827074119,5.216026658814481,5.142447399149358,0.21602665881448058,0.14244739914935778,5.0,5.143153768522172
32.0,0.04,2000,7,mixed,1.021393243754614,31.999999999982744,3.6337817588889894,0.12687560458713776,0.7303283747094094,5.208407560931136,5.335283165518274,0.20840756093113644,0.3352831655182742,5.0,6.048113195958843
32.0,0.04,2000,8,mixed,0.3719649771579968,31.999999999982776,2.0517030709760857,0.0320864784603101,0.026686766324487188,5.079455293666265,5.111541772126575,0.07945529366626491,0.11154177212657501,5.0,5.148145490635217
32.0,0.04,2000,9,mixed,0.6430430832735016,31.999999999983025,2.1922150682575987,0.035938878567918664,0.24699297004583531,5.1637116395781755,5.127772761010257,0.16371163957817547,0.1277727610102568,5.0,5.422205756749081
32.0,0.04,2000,10,mixed,0.4610031759915404,31.99999999998284,2.5456360619304483,0.1558813728585342,0.1495618166561714,5.265316844018748,5.1094354711602135,0.26531684401874767,0.10943547116021346,5.0,5.21935381192851
32.0,0.04,2000,11,mixed,0.51161802731751,31.99999999998308,2.7377022196853824,0.05285784819388617,0.1829059942463065,5.093198655914648,5.146056504108534,0.09319865591464804,0.1460565041085342,5.0,5.256886164020621
32.0,0.08,2000,0,mixed,0.8506435345847554,31.999999999983235,4.434908317561009,0.04239493449025922,0.6302248679345119,5.157397084812318,5.199792019302577,0.15739708481231762,0.19979201930257684,5.0,5.7128430099064875
32.0,0.08,2000,1,mixed,0.3894279778953627,31.999999999982887,4.258506712995772,0.11710999472119887,0.04708555177192508,5.034422251541784,5.151532246262983,0.03442225154178402,0.1515322462629829,5.0,5.155639918739773
32.0,0.08,2000,2,mixed,0.3669954934484823,31.999999999982954,4.041955693950086,0.07276769086029411,0.00724464390611157,5.0609905391340595,5.133758229994354,0.060990539134059496,0.1337582299943536,5.0,5.129008883939262
32.0,0.08,2000,3,mixed,0.583416276442652,31.999999999983316,3.420108395851979,0.0714853819563892,0.20690250860554737,5.033357821993937,5.104843203950327,0.03335782199393744,0.10484320395032665,5.0,5.326780129450893
32.0,0.08,2000,4,mixed,0.5721562255363717,31.999999999982887,4.175391791297393,0.04429045617727301,0.2054837451319127,5.190941390092402,5.146650933915129,0.1909413900924024,0.1466509339151294,5.0,5.310638306001799
32.0,0.08,2000,5,mixed,0.6101095171073624,31.99999999998309,5.159621962595489,0.10239549430085315,0.12228326444788085,5.34154474291125,5.2391492486103965,0.3415447429112497,0.23914924861039655,5.0,5.367421148992804
32.0,0.08,2000,6,mixed,0.2928775967906422,31.99999999998305,4.609129383216948,0.0895800369565194,0.06849701048535817,5.270237973032586,5.1806579360760665,0.2702379730325859,0.1806579360760665,5.0,5.081438664354761
32.0,0.08,2000,7,mixed,0.597828542196892,31.999999999982744,5.16659900070209,0.13811322415584026,0.08959190845019727,5.142473421001338,5.280586645157178,0.14247342100133764,0.2805866451571779,5.0,5.358250362907312
32.0,0.08,2000,8,mixed,0.4396391591894747,31.999999999982776,4.01528601258741,0.016936681792509845,0.03013490549421949,5.143205678960847,5.1601423607533565,0.14320567896084668,0.16014236075335653,5.0,5.20261031420238
32.0,0.08,2000,9,mixed,0.5388578850144852,31.999999999983025,3.8859002357101864,0.03792196609487419,0.04886456909977799,5.230999301096193,5.193077335001319,0.23099930109619304,0.19307733500131885,5.0,5.29859985417742
32.0,0.08,2000,10,mixed,0.48866857566205285,31.99999999998284,4.9084380356316535,0.1471467323706417,0.09572121579762172,5.343484817968034,5.196338085597392,0.3434848179680339,0.1963380855973922,5.0,5.242638370115888
32.0,0.08,2000,11,mixed,0.5214127020516085,31.99999999998308,5.283235951158766,0.07135513278965622,0.020211916179595057,5.247668415605899,5.319023548395555,0.24766841560589903,0.31902354839555525,5.0,5.262210230594197
